ticker,archetype,feature,n_turns,total_fires,fire_rate,tp,fp,precision,recall,turns_detected,mean_offset,median_offset,temporal_class
XOM,LL,vwap_sigma_current,55,102,0.0221883837285186,26,76,0.2549019607843137,0.23636363636363636,13,-0.8076923076923077,-1.0,ALERTA
XOM,LL,vwap_sigma_tide,55,125,0.027191646726125736,30,95,0.24,0.23636363636363636,13,-0.8666666666666667,-1.0,ALERTA
XOM,LL,sigma_tide,55,164,0.03567544050467696,31,133,0.18902439024390244,0.2727272727272727,15,-0.7419354838709677,-1.0,ALERTA
XOM,LL,sigma_current,55,152,0.03306504241896889,26,126,0.17105263157894737,0.2727272727272727,15,-0.7307692307692307,0.0,DETECTION
XOM,LL,kf_price_pred_val,55,224,0.04872743093321732,37,187,0.16517857142857142,0.4909090909090909,27,-0.7567567567567568,0.0,DETECTION
XOM,LL,rsi_value,55,222,0.0482923645855993,35,187,0.15765765765765766,0.2727272727272727,15,-0.8857142857142857,-1.0,ALERTA
XOM,LL,vwap_sigma_wave,55,84,0.018272786599956493,13,71,0.15476190476190477,0.21818181818181817,12,-0.9230769230769231,-1.0,ALERTA
XOM,LL,kf_rsi_pred_val,55,208,0.04524690015227322,32,176,0.15384615384615385,0.2727272727272727,15,-0.84375,-1.0,ALERTA
XOM,LL,compression_ratio,55,165,0.03589297367848597,23,142,0.1393939393939394,0.18181818181818182,10,-0.9565217391304348,-1.0,ALERTA
XOM,LL,wave_accel,55,241,0.052425494887970416,30,211,0.12448132780082988,0.34545454545454546,19,-0.6,0.0,DETECTION
XOM,LL,kf_conj_pred_val,55,227,0.049380030454644334,28,199,0.12334801762114538,0.2,11,-0.8571428571428571,-1.0,ALERTA
XOM,LL,kf_rvol_pred_val,55,204,0.0443767674570372,25,179,0.12254901960784313,0.2909090909090909,16,-1.12,-1.0,ALERTA
XOM,LL,kf_price_innovation,55,208,0.04524690015227322,25,183,0.1201923076923077,0.2909090909090909,16,-0.96,-1.0,ALERTA
XOM,LL,kf_price_filt_vel,55,221,0.048074831411790295,25,196,0.11312217194570136,0.36363636363636365,20,-0.88,-1.0,ALERTA
XOM,LL,tension_tide,55,143,0.03110724385468784,16,127,0.11188811188811189,0.10909090909090909,6,-0.9375,-1.0,ALERTA
XOM,LL,kf_conj_filt_vel,55,232,0.05046769632368936,25,207,0.10775862068965517,0.18181818181818182,10,-0.88,-1.0,ALERTA
XOM,LL,kf_tension_pred_val,55,158,0.03437024146182293,17,141,0.10759493670886076,0.14545454545454545,8,-1.0,-1.0,ALERTA
XOM,LL,wave_slope,55,217,0.04720469871655428,23,194,0.10599078341013825,0.18181818181818182,10,-0.8260869565217391,-1.0,ALERTA
XOM,LL,conj_wave_current,55,217,0.04720469871655428,23,194,0.10599078341013825,0.2,11,-0.8260869565217391,-1.0,ALERTA
XOM,LL,conj_wave_tide,55,225,0.04894496410702632,23,202,0.10222222222222223,0.2,11,-0.7391304347826086,-1.0,ALERTA
XOM,LL,kf_tension_filt_vel,55,219,0.047639765064172286,22,197,0.1004566210045662,0.21818181818181817,12,-0.9545454545454546,-1.0,ALERTA
XOM,LL,current_accel,55,230,0.05003262997607135,23,207,0.1,0.21818181818181817,12,-0.6956521739130435,0.0,DETECTION
XOM,LL,kf_rvol_filt_vel,55,238,0.0517728953665434,18,220,0.07563025210084033,0.2727272727272727,15,-0.9444444444444444,-1.0,ALERTA
XOM,LL,tide_slope,55,291,0.06330215357842071,21,270,0.07216494845360824,0.12727272727272726,7,-1.0,-1.0,ALERTA
XOM,LL,sigma_wave,55,131,0.02849684576897977,9,122,0.06870229007633588,0.12727272727272726,7,-1.0,-1.0,ALERTA
XOM,LL,vwap_spread_tide_current,55,394,0.08570807048074831,24,370,0.06091370558375635,0.14545454545454545,8,-1.0,-1.0,ALERTA
XOM,LL,vwap_spread_tide_wave,55,343,0.07461387861648902,20,323,0.05830903790087463,0.12727272727272726,7,-1.05,-1.0,ALERTA
XOM,LL,vwap_spread_current_wave,55,251,0.05460082662606047,14,237,0.055776892430278883,0.09090909090909091,5,-0.9285714285714286,-1.0,ALERTA
XOM,LL,current_slope,55,245,0.05329562758320644,13,232,0.053061224489795916,0.09090909090909091,5,-1.0769230769230769,-1.0,ALERTA
XOM,LL,tide_accel,55,283,0.06156188818794866,13,270,0.045936395759717315,0.10909090909090909,6,-0.7692307692307693,-1.0,ALERTA
XOM,LL,kf_rsi_filt_vel,55,213,0.04633456602131825,7,206,0.03286384976525822,0.09090909090909091,5,-1.1428571428571428,-1.0,ALERTA
XOM,LL,conj_current_tide,55,226,0.04916249728083533,7,219,0.030973451327433628,0.05454545454545454,3,-1.1428571428571428,-1.0,ALERTA
XOM,LL,tension_wave,55,122,0.026539047204698716,2,120,0.01639344262295082,0.03636363636363636,2,-2.0,-2.0,ALERTA
XOM,LL,tension_current,55,153,0.0332825755927779,1,152,0.006535947712418301,0.01818181818181818,1,-2.0,-2.0,ALERTA
XOM,HL,kf_price_pred_val,65,224,0.04872743093321732,31,193,0.13839285714285715,0.3076923076923077,20,-0.7096774193548387,0.0,DETECTION
XOM,HL,conj_current_tide,65,226,0.04916249728083533,30,196,0.13274336283185842,0.15384615384615385,10,-1.0,-1.0,ALERTA
XOM,HL,kf_price_filt_vel,65,221,0.048074831411790295,29,192,0.13122171945701358,0.2923076923076923,19,-0.7241379310344828,-1.0,ALERTA
XOM,HL,wave_accel,65,241,0.052425494887970416,31,210,0.12863070539419086,0.27692307692307694,18,-0.9032258064516129,-1.0,ALERTA
XOM,HL,conj_wave_current,65,217,0.04720469871655428,27,190,0.12442396313364056,0.2,13,-0.9629629629629629,-1.0,ALERTA
XOM,HL,current_slope,65,245,0.05329562758320644,30,215,0.12244897959183673,0.15384615384615385,10,-1.0,-1.0,ALERTA
XOM,HL,vwap_spread_tide_wave,65,343,0.07461387861648902,42,301,0.12244897959183673,0.2153846153846154,14,-1.0,-1.0,ALERTA
XOM,HL,compression_ratio,65,165,0.03589297367848597,20,145,0.12121212121212122,0.12307692307692308,8,-0.95,-1.0,ALERTA
XOM,HL,kf_conj_filt_vel,65,232,0.05046769632368936,28,204,0.1206896551724138,0.2,13,-0.9642857142857143,-1.0,ALERTA
XOM,HL,vwap_spread_current_wave,65,251,0.05460082662606047,28,223,0.11155378486055777,0.15384615384615385,10,-1.0357142857142858,-1.0,ALERTA
XOM,HL,kf_price_innovation,65,208,0.04524690015227322,23,185,0.11057692307692307,0.26153846153846155,17,-0.9565217391304348,-1.0,ALERTA
XOM,HL,vwap_sigma_current,65,102,0.0221883837285186,11,91,0.10784313725490197,0.09230769230769231,6,-0.8181818181818182,-1.0,ALERTA
XOM,HL,vwap_spread_tide_current,65,394,0.08570807048074831,39,355,0.09898477157360407,0.2,13,-1.0,-1.0,ALERTA
XOM,HL,vwap_sigma_wave,65,84,0.018272786599956493,8,76,0.09523809523809523,0.09230769230769231,6,-0.875,-1.0,ALERTA
XOM,HL,tide_slope,65,291,0.06330215357842071,27,264,0.09278350515463918,0.13846153846153847,9,-1.0,-1.0,ALERTA
XOM,HL,sigma_wave,65,131,0.02849684576897977,12,119,0.0916030534351145,0.13846153846153847,9,-0.4166666666666667,0.0,DETECTION
XOM,HL,sigma_current,65,152,0.03306504241896889,13,139,0.08552631578947369,0.15384615384615385,10,-0.5384615384615384,0.0,DETECTION
XOM,HL,tide_accel,65,283,0.06156188818794866,24,259,0.08480565371024736,0.16923076923076924,11,-0.9166666666666666,-1.0,ALERTA
XOM,HL,kf_tension_filt_vel,65,219,0.047639765064172286,18,201,0.0821917808219178,0.23076923076923078,15,-0.7777777777777778,-0.5,DETECTION
XOM,HL,conj_wave_tide,65,225,0.04894496410702632,18,207,0.08,0.1076923076923077,7,-1.0555555555555556,-1.0,ALERTA
XOM,HL,kf_rvol_pred_val,65,204,0.0443767674570372,16,188,0.0784313725490196,0.2,13,-0.9375,-1.0,ALERTA
XOM,HL,current_accel,65,230,0.05003262997607135,17,213,0.07391304347826087,0.12307692307692308,8,-1.1176470588235294,-1.0,ALERTA
XOM,HL,wave_slope,65,217,0.04720469871655428,16,201,0.07373271889400922,0.12307692307692308,8,-1.1875,-1.0,ALERTA
XOM,HL,kf_rsi_filt_vel,65,213,0.04633456602131825,14,199,0.06572769953051644,0.15384615384615385,10,-0.6428571428571429,0.0,DETECTION
XOM,HL,tension_current,65,153,0.0332825755927779,10,143,0.06535947712418301,0.1076923076923077,7,-0.8,-1.0,ALERTA
XOM,HL,kf_conj_pred_val,65,227,0.049380030454644334,14,213,0.06167400881057269,0.1076923076923077,7,-1.2857142857142858,-1.5,ALERTA
XOM,HL,tension_wave,65,122,0.026539047204698716,7,115,0.05737704918032787,0.06153846153846154,4,-0.8571428571428571,-1.0,ALERTA
XOM,HL,sigma_tide,65,164,0.03567544050467696,9,155,0.054878048780487805,0.06153846153846154,4,-0.7777777777777778,-1.0,ALERTA
XOM,HL,kf_rvol_filt_vel,65,238,0.0517728953665434,13,225,0.0546218487394958,0.18461538461538463,12,-0.9230769230769231,-1.0,ALERTA
XOM,HL,rsi_value,65,222,0.0482923645855993,6,216,0.02702702702702703,0.046153846153846156,3,-0.8333333333333334,-0.5,DETECTION
XOM,HL,kf_rsi_pred_val,65,208,0.04524690015227322,5,203,0.02403846153846154,0.046153846153846156,3,-1.0,-1.0,ALERTA
XOM,HL,vwap_sigma_tide,65,125,0.027191646726125736,3,122,0.024,0.03076923076923077,2,-1.0,-1.0,ALERTA
XOM,HL,kf_tension_pred_val,65,158,0.03437024146182293,2,156,0.012658227848101266,0.046153846153846156,3,0.0,0.0,DETECTION
XOM,HL,tension_tide,65,143,0.03110724385468784,1,142,0.006993006993006993,0.03076923076923077,2,0.0,0.0,DETECTION
XOM,HH,current_accel,61,230,0.05003262997607135,33,197,0.14347826086956522,0.22950819672131148,14,-0.9696969696969697,-1.0,ALERTA
XOM,HH,kf_conj_pred_val,61,227,0.049380030454644334,32,195,0.14096916299559473,0.19672131147540983,12,-0.90625,-1.0,ALERTA
XOM,HH,conj_wave_tide,61,225,0.04894496410702632,29,196,0.1288888888888889,0.18032786885245902,11,-0.896551724137931,-1.0,ALERTA
XOM,HH,wave_slope,61,217,0.04720469871655428,25,192,0.1152073732718894,0.16393442622950818,10,-0.84,-1.0,ALERTA
XOM,HH,tide_slope,61,291,0.06330215357842071,33,258,0.1134020618556701,0.18032786885245902,11,-1.0,-1.0,ALERTA
XOM,HH,vwap_sigma_tide,61,125,0.027191646726125736,14,111,0.112,0.11475409836065574,7,-0.8571428571428571,-1.0,ALERTA
XOM,HH,conj_current_tide,61,226,0.04916249728083533,25,201,0.11061946902654868,0.14754098360655737,9,-0.96,-1.0,ALERTA
XOM,HH,sigma_tide,61,164,0.03567544050467696,18,146,0.10975609756097561,0.14754098360655737,9,-0.7777777777777778,-1.0,ALERTA
XOM,HH,vwap_spread_current_wave,61,251,0.05460082662606047,27,224,0.10756972111553785,0.16393442622950818,10,-0.9259259259259259,-1.0,ALERTA
XOM,HH,tide_accel,61,283,0.06156188818794866,30,253,0.10600706713780919,0.18032786885245902,11,-0.9666666666666667,-1.0,ALERTA
XOM,HH,vwap_spread_tide_wave,61,343,0.07461387861648902,35,308,0.10204081632653061,0.21311475409836064,13,-1.0,-1.0,ALERTA
XOM,HH,vwap_spread_tide_current,61,394,0.08570807048074831,39,355,0.09898477157360407,0.21311475409836064,13,-1.0,-1.0,ALERTA
XOM,HH,rsi_value,61,222,0.0482923645855993,21,201,0.0945945945945946,0.16393442622950818,10,-0.7142857142857143,-1.0,ALERTA
XOM,HH,current_slope,61,245,0.05329562758320644,23,222,0.09387755102040816,0.14754098360655737,9,-0.9130434782608695,-1.0,ALERTA
XOM,HH,kf_rsi_pred_val,61,208,0.04524690015227322,19,189,0.09134615384615384,0.16393442622950818,10,-0.6842105263157895,0.0,DETECTION
XOM,HH,compression_ratio,61,165,0.03589297367848597,15,150,0.09090909090909091,0.08196721311475409,5,-1.0,-1.0,ALERTA
XOM,HH,kf_conj_filt_vel,61,232,0.05046769632368936,20,212,0.08620689655172414,0.16393442622950818,10,-1.1,-1.0,ALERTA
XOM,HH,kf_price_pred_val,61,224,0.04872743093321732,19,205,0.08482142857142858,0.22950819672131148,14,-0.5263157894736842,0.0,DETECTION
XOM,HH,kf_tension_filt_vel,61,219,0.047639765064172286,18,201,0.0821917808219178,0.19672131147540983,12,-0.6111111111111112,0.0,DETECTION
XOM,HH,wave_accel,61,241,0.052425494887970416,19,222,0.07883817427385892,0.16393442622950818,10,-1.1578947368421053,-1.0,ALERTA
XOM,HH,conj_wave_current,61,217,0.04720469871655428,17,200,0.07834101382488479,0.11475409836065574,7,-1.0,-1.0,ALERTA
XOM,HH,vwap_sigma_current,61,102,0.0221883837285186,7,95,0.06862745098039216,0.08196721311475409,5,-0.7142857142857143,-1.0,ALERTA
XOM,HH,kf_price_filt_vel,61,221,0.048074831411790295,12,209,0.05429864253393665,0.14754098360655737,9,-0.8333333333333334,-1.0,ALERTA
XOM,HH,sigma_wave,61,131,0.02849684576897977,6,125,0.04580152671755725,0.06557377049180328,4,-1.1666666666666667,-1.0,ALERTA
XOM,HH,kf_rvol_pred_val,61,204,0.0443767674570372,9,195,0.04411764705882353,0.14754098360655737,9,-0.5555555555555556,0.0,DETECTION
XOM,HH,kf_rvol_filt_vel,61,238,0.0517728953665434,10,228,0.04201680672268908,0.16393442622950818,10,-0.7,-0.5,DETECTION
XOM,HH,kf_price_innovation,61,208,0.04524690015227322,8,200,0.038461538461538464,0.09836065573770492,6,-1.0,-1.0,ALERTA
XOM,HH,sigma_current,61,152,0.03306504241896889,4,148,0.02631578947368421,0.06557377049180328,4,-0.25,0.0,DETECTION
XOM,HH,tension_current,61,153,0.0332825755927779,3,150,0.0196078431372549,0.01639344262295082,1,-1.0,-1.0,ALERTA
XOM,HH,kf_rsi_filt_vel,61,213,0.04633456602131825,4,209,0.018779342723004695,0.06557377049180328,4,-1.0,-1.0,ALERTA
XOM,HH,tension_wave,61,122,0.026539047204698716,2,120,0.01639344262295082,0.03278688524590164,2,-2.0,-2.0,ALERTA
XOM,HH,vwap_sigma_wave,61,84,0.018272786599956493,1,83,0.011904761904761904,0.01639344262295082,1,-2.0,-2.0,ALERTA
XOM,HH,kf_tension_pred_val,61,158,0.03437024146182293,1,157,0.006329113924050633,0.01639344262295082,1,-2.0,-2.0,ALERTA
XOM,HH,tension_tide,61,143,0.03110724385468784,0,143,0.0,0.0,0,0.0,0.0,DETECTION
XOM,LH,compression_ratio,58,165,0.03589297367848597,23,142,0.1393939393939394,0.15517241379310345,9,-0.9565217391304348,-1.0,ALERTA
XOM,LH,kf_price_filt_vel,58,221,0.048074831411790295,27,194,0.12217194570135746,0.29310344827586204,17,-0.7407407407407407,-1.0,ALERTA
XOM,LH,kf_price_pred_val,58,224,0.04872743093321732,27,197,0.12053571428571429,0.3103448275862069,18,-0.8518518518518519,-1.0,ALERTA
XOM,LH,wave_slope,58,217,0.04720469871655428,21,196,0.0967741935483871,0.15517241379310345,9,-1.0476190476190477,-1.0,ALERTA
XOM,LH,kf_price_innovation,58,208,0.04524690015227322,20,188,0.09615384615384616,0.2413793103448276,14,-1.0,-1.0,ALERTA
XOM,LH,kf_conj_filt_vel,58,232,0.05046769632368936,22,210,0.09482758620689655,0.1896551724137931,11,-1.0,-1.0,ALERTA
XOM,LH,conj_wave_tide,58,225,0.04894496410702632,20,205,0.08888888888888889,0.13793103448275862,8,-1.05,-1.0,ALERTA
XOM,LH,kf_conj_pred_val,58,227,0.049380030454644334,19,208,0.08370044052863436,0.1724137931034483,10,-1.0526315789473684,-1.0,ALERTA
XOM,LH,conj_wave_current,58,217,0.04720469871655428,18,199,0.08294930875576037,0.13793103448275862,8,-1.1111111111111112,-1.0,ALERTA
XOM,LH,sigma_tide,58,164,0.03567544050467696,13,151,0.07926829268292683,0.10344827586206896,6,-1.0769230769230769,-1.0,ALERTA
XOM,LH,wave_accel,58,241,0.052425494887970416,19,222,0.07883817427385892,0.1896551724137931,11,-1.105263157894737,-1.0,ALERTA
XOM,LH,tension_current,58,153,0.0332825755927779,11,142,0.0718954248366013,0.10344827586206896,6,-0.9090909090909091,-1.0,ALERTA
XOM,LH,current_accel,58,230,0.05003262997607135,16,214,0.06956521739130435,0.13793103448275862,8,-1.0,-1.0,ALERTA
XOM,LH,current_slope,58,245,0.05329562758320644,17,228,0.06938775510204082,0.10344827586206896,6,-0.9411764705882353,-1.0,ALERTA
XOM,LH,sigma_wave,58,131,0.02849684576897977,9,122,0.06870229007633588,0.1206896551724138,7,-1.0,-1.0,ALERTA
XOM,LH,kf_tension_filt_vel,58,219,0.047639765064172286,15,204,0.0684931506849315,0.1896551724137931,11,-0.8666666666666667,-1.0,ALERTA
XOM,LH,vwap_spread_current_wave,58,251,0.05460082662606047,17,234,0.06772908366533864,0.10344827586206896,6,-1.0588235294117647,-1.0,ALERTA
XOM,LH,kf_rsi_filt_vel,58,213,0.04633456602131825,14,199,0.06572769953051644,0.1724137931034483,10,-0.7142857142857143,-0.5,DETECTION
XOM,LH,vwap_spread_tide_wave,58,343,0.07461387861648902,22,321,0.0641399416909621,0.13793103448275862,8,-0.9545454545454546,-1.0,ALERTA
XOM,LH,tide_slope,58,291,0.06330215357842071,18,273,0.061855670103092786,0.10344827586206896,6,-1.0,-1.0,ALERTA
XOM,LH,vwap_spread_tide_current,58,394,0.08570807048074831,24,370,0.06091370558375635,0.13793103448275862,8,-1.0,-1.0,ALERTA
XOM,LH,vwap_sigma_tide,58,125,0.027191646726125736,7,118,0.056,0.06896551724137931,4,-1.4285714285714286,-1.0,ALERTA
XOM,LH,kf_rvol_filt_vel,58,238,0.0517728953665434,13,225,0.0546218487394958,0.20689655172413793,12,-0.6153846153846154,0.0,DETECTION
XOM,LH,kf_rvol_pred_val,58,204,0.0443767674570372,11,193,0.05392156862745098,0.15517241379310345,9,-0.8181818181818182,-1.0,ALERTA
XOM,LH,sigma_current,58,152,0.03306504241896889,7,145,0.046052631578947366,0.10344827586206896,6,-1.0,-1.0,ALERTA
XOM,LH,kf_tension_pred_val,58,158,0.03437024146182293,7,151,0.04430379746835443,0.05172413793103448,3,-1.0,-1.0,ALERTA
XOM,LH,tension_tide,58,143,0.03110724385468784,6,137,0.04195804195804196,0.034482758620689655,2,-1.0,-1.0,ALERTA
XOM,LH,vwap_sigma_current,58,102,0.0221883837285186,3,99,0.029411764705882353,0.034482758620689655,2,-1.6666666666666667,-2.0,ALERTA
XOM,LH,kf_rsi_pred_val,58,208,0.04524690015227322,6,202,0.028846153846153848,0.05172413793103448,3,-1.1666666666666667,-1.0,ALERTA
XOM,LH,rsi_value,58,222,0.0482923645855993,6,216,0.02702702702702703,0.05172413793103448,3,-1.1666666666666667,-1.0,ALERTA
XOM,LH,conj_current_tide,58,226,0.04916249728083533,6,220,0.02654867256637168,0.034482758620689655,2,-1.0,-1.0,ALERTA
XOM,LH,tide_accel,58,283,0.06156188818794866,7,276,0.024734982332155476,0.05172413793103448,3,-1.2857142857142858,-1.0,ALERTA
XOM,LH,tension_wave,58,122,0.026539047204698716,3,119,0.02459016393442623,0.034482758620689655,2,-0.3333333333333333,0.0,DETECTION
XOM,LH,vwap_sigma_wave,58,84,0.018272786599956493,2,82,0.023809523809523808,0.034482758620689655,2,-1.5,-1.5,ALERTA
