date,ticker,ret_10d,macro_central,macro_final,confidence,final_close_pos,final_body_ratio
1993-07-23 13:30:00+00:00,AAPL,8.735930238464604,BEARISH_MARUBOZU,NONE,1.5,0.056,0.889
1993-07-29 13:30:00+00:00,AAPL,-4.072189420602625,NONE,NONE,1.1,0.132,0.736
1993-08-23 13:30:00+00:00,AAPL,-7.407334247770284,NONE,NONE,1.0,0.5,0.132
1994-05-17 13:30:00+00:00,AAPL,-5.518453216403833,NONE,NONE,1.1,0.125,0.425
1994-06-08 13:30:00+00:00,AAPL,1.8431491661571862,NONE,BEARISH_MARUBOZU,1.1,0.019,0.558
1994-06-30 13:30:00+00:00,AAPL,6.654037814673012,DOJI,BULLISH_ENGULFING,0.6,0.556,0.185
1995-10-23 13:30:00+00:00,AAPL,7.205484974269494,TWEEZER_TOP,SHOOTING_STAR,1.4300000000000002,0.253,0.505
1996-01-22 14:30:00+00:00,AAPL,-14.097078590186882,NONE,EVENING_STAR,1.1,0.2,0.28
1996-01-25 14:30:00+00:00,AAPL,-9.01659959758551,NONE,NONE,1.1,0.16,0.22
1996-02-15 14:30:00+00:00,AAPL,-4.740940057713993,NONE,NONE,1.1,0.26,0.541
1996-03-08 14:30:00+00:00,AAPL,-3.563184583185593,NONE,NONE,1.1,0.19,0.405
1996-03-25 14:30:00+00:00,AAPL,7.939700735537188,BEARISH_ENGULFING,BEARISH_ENGULFING,1.5,0.0,0.87
1996-03-27 14:30:00+00:00,AAPL,3.413439653978121,NONE,NONE,1.0,0.643,0.286
1996-03-29 14:30:00+00:00,AAPL,1.935854587889353,NONE,THREE_BLACK_CROWS,1.0,0.446,0.482
1996-04-01 14:30:00+00:00,AAPL,0.6813281060699912,NONE,NONE,1.0,0.714,0.143
1996-04-23 13:30:00+00:00,AAPL,8.888215268809196,NONE,NONE,1.0,0.364,0.318
1996-04-24 13:30:00+00:00,AAPL,9.40680776679817,PIERCING_LINE,BEARISH_MARUBOZU,1.1,0.182,0.318
1996-04-30 13:30:00+00:00,AAPL,12.531623524235538,NONE,NONE,1.1,0.105,0.737
1996-07-12 13:30:00+00:00,AAPL,20.71326206284552,BEARISH_ENGULFING,THREE_BLACK_CROWS,1.5,0.144,0.856
1997-01-28 14:30:00+00:00,AAPL,-5.780430807976864,NONE,THREE_BLACK_CROWS,1.265,0.062,0.813
1997-02-03 14:30:00+00:00,AAPL,9.160425430046844,DRAGONFLY_DOJI,BEARISH_MARUBOZU,0.6325,0.029,0.971
1997-02-04 14:30:00+00:00,AAPL,15.289994270885995,NONE,NONE,1.265,0.087,0.913
1997-02-12 14:30:00+00:00,AAPL,7.510110990700014,NONE,NONE,1.1,0.278,0.667
1997-06-30 13:30:00+00:00,AAPL,13.636200291798728,NONE,THREE_BLACK_CROWS,1.265,0.091,0.909
1997-12-18 14:30:00+00:00,AAPL,16.51340174152359,NONE,NONE,1.265,0.015,0.91
1998-09-15 13:30:00+00:00,SPY,-0.020841396969059997,DRAGONFLY_DOJI,HAMMER,0.5,0.592,0.358
1998-09-18 13:30:00+00:00,SPY,0.6464103925303631,TWEEZER_TOP,NONE,1.0,0.7,0.238
1998-10-06 13:30:00+00:00,SPY,8.022841278354424,HAMMER,NONE,1.1,0.211,0.578
1998-10-12 13:30:00+00:00,SPY,7.918403158587403,NONE,NONE,1.0,0.524,0.239
1999-03-12 14:30:00+00:00,AAPL,-0.7092079981136924,NONE,DOJI,1.1,0.157,0.554
1999-03-15 14:30:00+00:00,AAPL,0.8912086578206002,HANGING_MAN,NONE,1.1,0.273,0.595
1999-03-23 14:30:00+00:00,AAPL,11.235872480755301,BEARISH_ENGULFING,BEARISH_ENGULFING,1.375,0.246,0.431
2000-05-18 13:30:00+00:00,QQQ,10.855189835797601,NONE,GRAVESTONE_DOJI,1.0,0.356,0.453
2000-05-19 13:30:00+00:00,QQQ,13.771431135115773,NONE,SHOOTING_STAR,1.5,0.126,0.809
2000-06-02 13:30:00+00:00,AAPL,-2.8563703731455723,NONE,NONE,1.0,0.405,0.446
2000-06-06 13:30:00+00:00,AAPL,7.526844630556481,NONE,BULLISH_ENGULFING,0.6,0.436,0.406
2000-10-23 13:30:00+00:00,QQQ,-5.135212888377452,NONE,MORNING_STAR,0.6,0.837,0.132
2000-10-27 13:30:00+00:00,AAPL,-0.9421237725109394,THREE_BLACK_CROWS,THREE_BLACK_CROWS,1.1,0.185,0.707
2000-11-10 14:30:00+00:00,AAPL,-1.2549342202600402,THREE_BLACK_CROWS,BEARISH_ENGULFING,1.0,0.284,0.17
2000-11-13 14:30:00+00:00,AAPL,-9.984369587819524,NONE,BEARISH_ENGULFING,1.0,0.341,0.239
2000-11-13 14:30:00+00:00,QQQ,-10.735601772928748,MORNING_STAR,NONE,1.265,0.096,0.874
2000-11-17 14:30:00+00:00,AAPL,-10.851362295150144,THREE_BLACK_CROWS,NONE,1.1,0.053,0.132
2000-11-28 14:30:00+00:00,AAPL,-15.521997886765329,NONE,THREE_BLACK_CROWS,1.265,0.024,0.895
2000-12-05 14:30:00+00:00,AAPL,-4.923335882655622,BEARISH_ENGULFING,THREE_BLACK_CROWS,1.375,0.2,0.671
2000-12-08 14:30:00+00:00,QQQ,-16.484223807758106,NONE,NONE,1.0,0.511,0.353
2000-12-11 14:30:00+00:00,AAPL,-4.3157281452806515,NONE,NONE,1.1,0.2,0.574
2000-12-12 14:30:00+00:00,AAPL,-5.237959271263497,NONE,NONE,1.1,0.232,0.642
2000-12-19 14:30:00+00:00,AAPL,22.917286086759013,THREE_BLACK_CROWS,BEARISH_ENGULFING,1.265,0.014,0.936
2001-01-02 14:30:00+00:00,QQQ,19.3994976342076,NONE,THREE_BLACK_CROWS,1.265,0.045,0.833
2001-01-09 14:30:00+00:00,QQQ,18.621603711066932,BEARISH_ENGULFING,PIERCING_LINE,1.25,0.369,0.572
2001-03-23 14:30:00+00:00,SPY,-2.2011221406991894,NONE,NONE,1.0,0.327,0.491
2001-03-27 14:30:00+00:00,SPY,-0.38854108276221616,NONE,BULLISH_ENGULFING,0.6,0.535,0.447
2001-03-27 14:30:00+00:00,QQQ,-5.579786254936344,DRAGONFLY_DOJI,NONE,0.5,0.344,0.654
2001-04-02 13:30:00+00:00,SPY,4.258268751875347,NONE,NONE,1.0,0.497,0.419
2001-04-02 13:30:00+00:00,QQQ,9.961879881641016,NONE,NONE,1.1,0.012,0.671
2001-04-04 13:30:00+00:00,SPY,10.60835825484064,NONE,NONE,1.1,0.26,0.702
2001-04-06 13:30:00+00:00,SPY,7.020608232981601,BEARISH_MARUBOZU,NONE,1.25,0.496,0.232
2001-04-06 13:30:00+00:00,QQQ,22.212005855675194,NONE,NONE,1.1,0.264,0.502
2001-04-10 13:30:00+00:00,QQQ,6.455824383335306,NONE,NONE,1.0,0.606,0.07
2001-04-16 13:30:00+00:00,QQQ,14.712507401941114,NONE,NONE,1.0,0.657,0.318
2001-08-08 13:30:00+00:00,QQQ,-6.9382716049382775,NONE,DARK_CLOUD_COVER,1.1,0.254,0.418
2001-08-10 13:30:00+00:00,QQQ,-3.449292452830197,BEARISH_ENGULFING,NONE,1.375,0.22,0.411
2001-08-29 13:30:00+00:00,AAPL,-4.543157499330233,NONE,NONE,1.1,0.14,0.635
2001-08-31 13:30:00+00:00,AAPL,-15.384550502734943,DOJI,DRAGONFLY_DOJI,1.0,0.611,0.264
2001-08-31 13:30:00+00:00,QQQ,-23.257035654225863,NONE,NONE,1.1,0.148,0.666
2001-09-05 13:30:00+00:00,AAPL,-16.12683073971299,BEARISH_ENGULFING,DRAGONFLY_DOJI,1.25,0.629,0.104
2001-09-10 13:30:00+00:00,AAPL,-3.8675935451714465,EVENING_STAR,EVENING_STAR,1.1,0.189,0.324
2001-09-17 13:30:00+00:00,AAPL,-8.883333234828823,NONE,NONE,1.0,0.353,0.322
2001-09-17 13:30:00+00:00,QQQ,-9.491856472293108,NONE,BEARISH_MARUBOZU,1.265,0.012,0.805
2001-09-18 13:30:00+00:00,AAPL,-9.6096617265614,NONE,EVENING_STAR,1.1,0.154,0.465
2001-09-20 13:30:00+00:00,AAPL,6.17117547180055,NONE,NONE,1.1,0.047,0.611
2001-09-25 13:30:00+00:00,AAPL,0.5910180882446769,NONE,NONE,1.1,0.195,0.659
2001-10-09 13:30:00+00:00,AAPL,12.044252097491858,EVENING_STAR,BULLISH_ENGULFING,0.6,0.545,0.207
2002-05-09 13:30:00+00:00,QQQ,2.7461746056237466,TWEEZER_BOTTOM,DRAGONFLY_DOJI,1.0,0.632,0.367
2002-05-14 13:30:00+00:00,QQQ,-6.13762883253654,BEARISH_ENGULFING,NONE,1.25,0.859,0.064
2002-05-31 13:30:00+00:00,QQQ,-8.403531591048234,DRAGONFLY_DOJI,BEARISH_MARUBOZU,0.55,0.131,0.236
2002-06-04 13:30:00+00:00,QQQ,-1.6404888691401658,NONE,NONE,1.1,0.149,0.537
2002-06-21 13:30:00+00:00,AAPL,6.738625166070196,EVENING_STAR,THREE_BLACK_CROWS,1.265,0.009,0.982
2002-06-25 13:30:00+00:00,AAPL,2.297650355081205,NONE,NONE,1.265,0.067,0.871
2002-06-25 13:30:00+00:00,QQQ,-2.754648655246773,NONE,NONE,1.265,0.054,0.863
2002-07-18 13:30:00+00:00,AAPL,0.2435491340749092,NONE,BEARISH_ENGULFING,1.1,0.059,0.446
2002-07-29 13:30:00+00:00,AAPL,0.3011154310791951,NONE,NONE,1.1,0.244,0.615
2002-08-06 13:30:00+00:00,SPY,7.076413467646791,NONE,TWEEZER_TOP,1.0,0.57,0.376
2002-08-06 13:30:00+00:00,QQQ,7.917064001245137,NONE,NONE,1.1,0.233,0.696
2003-01-21 14:30:00+00:00,AAPL,4.173925551808466,NONE,EVENING_STAR,1.1,0.117,0.039
2005-05-02 13:30:00+00:00,AAPL,-2.525216620098459,INVERTED_HAMMER,NONE,1.1,0.264,0.654
2006-03-17 14:30:00+00:00,AAPL,-4.067030481357819,NONE,NONE,1.1,0.222,0.737
2006-03-20 14:30:00+00:00,AAPL,-2.996079042065614,NONE,NONE,1.1,0.155,0.766
2006-03-30 14:30:00+00:00,AAPL,4.862191267251588,BEARISH_MARUBOZU,NONE,1.25,0.49,0.125
2006-04-03 13:30:00+00:00,AAPL,6.433944113176321,DRAGONFLY_DOJI,NONE,0.5,0.48,0.301
2006-06-09 13:30:00+00:00,HD,-1.5306986633569981,NONE,NONE,1.1,0.162,0.633
2006-06-13 13:30:00+00:00,MSFT,5.691432798557483,THREE_BLACK_CROWS,NONE,1.1,0.02,0.648
2006-06-13 13:30:00+00:00,HD,0.47238874002042114,NONE,NONE,1.1,0.082,0.748
2006-06-15 13:30:00+00:00,HD,-2.4663983325236205,NONE,HAMMER,1.0,0.436,0.325
2006-06-16 13:30:00+00:00,HD,-3.1525098092274257,NONE,DOJI,1.0,0.285,0.521
2006-06-20 13:30:00+00:00,MSFT,2.9905214798218784,GRAVESTONE_DOJI,NONE,1.0,0.582,0.37
2006-06-26 13:30:00+00:00,HON,-1.0847320941753034,NONE,NONE,1.0,0.675,0.269
2006-06-29 13:30:00+00:00,AAPL,-12.236950210001403,THREE_BLACK_CROWS,NONE,1.0,0.579,0.359
2006-06-30 13:30:00+00:00,AAPL,-9.086202974407039,NONE,BEARISH_ENGULFING,1.0,0.391,0.445
2006-07-10 13:30:00+00:00,HON,-4.926515938046302,NONE,TWEEZER_TOP,1.1,0.237,0.237
2006-07-10 13:30:00+00:00,QQQ,-2.506295118451918,NONE,BEARISH_ENGULFING,1.1,0.096,0.579
2006-07-12 13:30:00+00:00,AAPL,22.120060035639142,NONE,BEARISH_MARUBOZU,1.1,0.006,0.659
2006-07-12 13:30:00+00:00,QQQ,-0.3892930168865224,TWEEZER_BOTTOM,BEARISH_ENGULFING,1.1,0.039,0.526
2006-07-13 13:30:00+00:00,AAPL,19.966653014924542,TWEEZER_BOTTOM,THREE_BLACK_CROWS,1.1,0.096,0.679
2006-07-14 13:30:00+00:00,AAPL,26.472733724106067,HAMMER,NONE,1.265,0.051,0.904
2006-07-18 13:30:00+00:00,AAPL,26.202244935713097,MORNING_STAR,NONE,1.0,0.302,0.687
2006-07-18 13:30:00+00:00,QQQ,0.845883550095777,MORNING_STAR,NONE,1.1,0.169,0.592
2006-07-19 13:30:00+00:00,QQQ,0.18739034281008587,NONE,DRAGONFLY_DOJI,1.0,0.3,0.282
2006-07-27 13:30:00+00:00,HD,-2.3277724193506817,THREE_BLACK_CROWS,GRAVESTONE_DOJI,1.0,0.411,0.523
2006-07-31 13:30:00+00:00,HON,-2.921820021496609,TWEEZER_TOP,MORNING_STAR,0.6,0.819,0.078
2006-08-10 13:30:00+00:00,HD,-1.0250000303649704,DOJI,BEARISH_ENGULFING,1.1,0.195,0.209
2006-09-05 13:30:00+00:00,COST,5.872316487533732,DRAGONFLY_DOJI,NONE,0.5,0.335,0.636
2006-09-13 13:30:00+00:00,COST,2.36809642257678,NONE,NONE,1.0,0.598,0.402
2007-07-31 13:30:00+00:00,JPM,-1.195691858342479,BEARISH_ENGULFING,NONE,1.375,0.073,0.503
2007-08-01 13:30:00+00:00,JPM,-3.340374574930867,NONE,DOJI,1.1,0.162,0.592
2007-08-09 13:30:00+00:00,JPM,4.774137861062716,BEARISH_ENGULFING,NONE,1.5,0.173,0.827
2007-08-10 13:30:00+00:00,JPM,1.2003083360863536,NONE,NONE,1.0,0.325,0.653
2007-08-14 13:30:00+00:00,JPM,0.7137973250791009,NONE,BEARISH_ENGULFING,1.1,0.167,0.502
2007-08-31 13:30:00+00:00,WMT,-0.5212257726029356,INVERTED_HAMMER,BEARISH_ENGULFING,1.265,0.186,0.803
2007-09-10 13:30:00+00:00,WMT,3.553847975936269,BEARISH_ENGULFING,NONE,1.375,0.081,0.641
2007-09-12 13:30:00+00:00,WMT,0.8618709003015386,NONE,NONE,1.1,0.278,0.484
2007-09-17 13:30:00+00:00,WMT,1.9486287630239307,TWEEZER_BOTTOM,NONE,1.0,0.552,0.202
2007-11-02 13:30:00+00:00,HD,-3.7798868522029427,NONE,BEARISH_ENGULFING,1.265,0.079,0.864
2007-11-06 14:30:00+00:00,HD,-4.240306431019422,NONE,BEARISH_ENGULFING,1.265,0.165,0.809
2007-11-08 14:30:00+00:00,HD,0.580207086829274,NONE,THREE_BLACK_CROWS,1.1,0.233,0.731
2007-11-12 14:30:00+00:00,HD,-3.5387266396646124,NONE,NONE,1.1,0.122,0.71
2007-11-14 14:30:00+00:00,HD,-4.392886254625618,NONE,HANGING_MAN,1.0,0.309,0.505
2007-11-15 14:30:00+00:00,HD,-2.1850811699431523,THREE_BLACK_CROWS,NONE,1.0,0.297,0.498
2007-11-16 14:30:00+00:00,HD,-1.4561585555670722,NONE,NONE,1.0,0.319,0.608
2007-11-23 14:30:00+00:00,HD,1.5181589727701543,THREE_BLACK_CROWS,HANGING_MAN,1.0,0.364,0.608
2007-12-05 14:30:00+00:00,HD,-9.354670443553955,HANGING_MAN,MORNING_STAR,0.6,0.737,0.108
2007-12-20 14:30:00+00:00,HD,-3.9924350428595905,THREE_BLACK_CROWS,NONE,1.1,0.165,0.48
2008-01-09 14:30:00+00:00,HD,19.938375370597818,TWEEZER_TOP,NONE,1.1,0.274,0.403
2008-01-14 14:30:00+00:00,HD,18.1359544369937,NONE,NONE,1.0,0.463,0.277
2008-02-04 14:30:00+00:00,QQQ,-1.0765130026118837,NONE,NONE,1.0,0.522,0.428
2008-02-13 14:30:00+00:00,MRK,-5.711543974629612,NONE,BULLISH_ENGULFING,0.6,0.56,0.301
2008-02-14 14:30:00+00:00,MRK,-5.974743606949057,NONE,BULLISH_ENGULFING,0.6,0.601,0.399
2008-02-19 14:30:00+00:00,AAPL,1.7372673148407352,NONE,BEARISH_MARUBOZU,1.1,0.253,0.463
2008-02-19 14:30:00+00:00,MRK,-6.711007948870841,HANGING_MAN,NONE,1.0,0.537,0.457
2008-02-19 14:30:00+00:00,QQQ,-0.9807292253543303,NONE,EVENING_STAR,1.0,0.426,0.22
2008-02-29 14:30:00+00:00,MSFT,2.447561505247261,NONE,SHOOTING_STAR,1.4300000000000002,0.087,0.529
2008-02-29 14:30:00+00:00,QQQ,-1.7555869679309295,NONE,EVENING_STAR,1.1,0.154,0.101
2008-03-03 14:30:00+00:00,AAPL,3.505431930852444,BEARISH_ENGULFING,NONE,1.25,0.375,0.375
2008-03-03 14:30:00+00:00,MRK,-4.412773543466429,NONE,NONE,1.1,0.048,0.112
2008-03-03 14:30:00+00:00,QQQ,-2.427547573098125,NONE,NONE,1.1,0.163,0.42
2008-03-06 14:30:00+00:00,MRK,2.729339133145518,BULLISH_ENGULFING,BEARISH_MARUBOZU,1.265,0.014,0.914
2008-03-07 14:30:00+00:00,MRK,5.638845821750734,BULLISH_ENGULFING,THREE_BLACK_CROWS,1.1,0.034,0.782
2008-03-10 13:30:00+00:00,MSFT,2.260002196800327,NONE,NONE,1.0,0.565,0.359
2008-03-14 13:30:00+00:00,AMZN,8.018846485978761,NONE,NONE,1.0,0.571,0.336
2008-03-14 13:30:00+00:00,MRK,-6.74300947492972,TWEEZER_TOP,THREE_BLACK_CROWS,1.265,0.06,0.823
2008-03-31 13:30:00+00:00,MRK,7.6135261189193,THREE_BLACK_CROWS,BEARISH_ENGULFING,1.1,0.127,0.432
2008-04-04 13:30:00+00:00,MRK,-2.27116235503764,DOJI,NONE,1.0,0.357,0.26
2008-04-14 13:30:00+00:00,MRK,-1.399067288474345,MORNING_STAR,NONE,1.0,0.514,0.331
2008-04-29 13:30:00+00:00,MRK,4.355933689767891,NONE,NONE,1.1,0.032,0.719
2008-04-30 13:30:00+00:00,MRK,4.998156106591761,NONE,NONE,1.1,0.228,0.662
2008-05-05 13:30:00+00:00,MRK,2.565418950184315,NONE,NONE,1.0,0.401,0.533
2008-07-02 13:30:00+00:00,JPM,15.64626178135663,NONE,NONE,1.1,0.27,0.369
2008-07-08 13:30:00+00:00,JPM,13.4826308528889,NONE,PIERCING_LINE,1.0,0.409,0.545
2008-07-14 13:30:00+00:00,HD,7.705896493238311,TWEEZER_TOP,NONE,1.265,0.098,0.902
2008-07-21 13:30:00+00:00,SPY,-0.3626920482252254,NONE,BULLISH_ENGULFING,0.6,0.66,0.201
2008-07-23 13:30:00+00:00,SPY,0.2059534449928198,NONE,MORNING_STAR,0.6,0.892,0.068
2008-07-24 13:30:00+00:00,MSFT,6.526135656502803,EVENING_STAR,NONE,1.1,0.188,0.174
2008-07-24 13:30:00+00:00,SPY,0.7839813621115244,NONE,NONE,1.0,0.601,0.175
2008-07-25 13:30:00+00:00,SPY,2.859104652718743,NONE,DARK_CLOUD_COVER,1.0,0.598,0.143
2008-07-29 13:30:00+00:00,SPY,1.5768630807050075,NONE,NONE,1.0,0.686,0.134
2008-08-06 13:30:00+00:00,AAPL,7.761603855233405,NONE,NONE,1.0,0.621,0.348
2008-08-08 13:30:00+00:00,XOM,2.0187762572095878,NONE,NONE,1.0,0.299,0.362
2008-08-13 13:30:00+00:00,XOM,3.5330022670343775,NONE,NONE,1.1,0.235,0.352
2008-08-14 13:30:00+00:00,XOM,5.156789595720159,GRAVESTONE_DOJI,TWEEZER_BOTTOM,1.1,0.152,0.413
2008-08-21 13:30:00+00:00,XOM,-5.657789212678064,BEARISH_ENGULFING,MORNING_STAR,0.75,0.849,0.04
2008-09-08 13:30:00+00:00,XOM,3.187980086394293,NONE,EVENING_STAR,1.0,0.305,0.101
2008-09-26 13:30:00+00:00,HON,-30.215033732935492,NONE,HANGING_MAN,1.0,0.325,0.559
2008-10-09 13:30:00+00:00,HON,-3.4242929708960315,NONE,NONE,1.265,0.047,0.899
2008-10-09 13:30:00+00:00,IBM,-4.392168489702489,NONE,NONE,1.265,0.022,0.855
2008-10-13 13:30:00+00:00,HON,-26.737244158654967,NONE,THREE_BLACK_CROWS,1.0,0.396,0.545
2008-10-13 13:30:00+00:00,QQQ,-21.172675828275562,NONE,DRAGONFLY_DOJI,1.0,0.455,0.479
2008-10-14 13:30:00+00:00,AAPL,-4.621435647453457,NONE,PIERCING_LINE,1.0,0.383,0.466
2008-10-14 13:30:00+00:00,HON,-7.509705530176762,NONE,NONE,1.0,0.331,0.604
2008-10-20 13:30:00+00:00,MSFT,-7.57538234760898,SHOOTING_STAR,BEARISH_ENGULFING,1.0,0.597,0.154
2008-10-20 13:30:00+00:00,IBM,0.07665573837714149,NONE,NONE,1.1,0.269,0.697
2008-10-20 13:30:00+00:00,SPY,-0.207579743505424,BEARISH_MARUBOZU,THREE_BLACK_CROWS,1.25,0.458,0.443
2008-10-27 13:30:00+00:00,JNJ,-2.9482784750582756,THREE_BLACK_CROWS,NONE,1.0,0.525,0.322
2008-10-29 13:30:00+00:00,MSFT,-14.845421368345994,NONE,TWEEZER_BOTTOM,1.0,0.463,0.151
2008-10-29 13:30:00+00:00,AMZN,-29.84588376293446,NONE,MORNING_STAR,0.6,0.656,0.246
2008-10-29 13:30:00+00:00,JNJ,-7.560224984239985,THREE_BLACK_CROWS,DOJI,1.0,0.614,0.072
2008-10-29 13:30:00+00:00,COST,-16.2618378003128,NONE,MORNING_STAR,0.6,0.639,0.041
2008-10-29 13:30:00+00:00,HON,-12.915921028236305,NONE,NONE,1.0,0.307,0.622
2008-10-29 13:30:00+00:00,IBM,-12.71889349676002,BEARISH_MARUBOZU,NONE,1.25,0.465,0.351
2008-10-29 13:30:00+00:00,SPY,-10.738049176235656,BEARISH_MARUBOZU,BULLISH_ENGULFING,0.75,0.433,0.3
2008-10-29 13:30:00+00:00,QQQ,-12.410732808591124,BEARISH_MARUBOZU,BULLISH_ENGULFING,0.75,0.458,0.17
2008-11-03 14:30:00+00:00,AAPL,-20.23675073641896,NONE,NONE,1.0,0.691,0.305
2008-11-03 14:30:00+00:00,AMZN,-30.98711550833754,HANGING_MAN,NONE,1.0,0.602,0.374
2008-11-03 14:30:00+00:00,JNJ,-4.273531881904505,THREE_BLACK_CROWS,GRAVESTONE_DOJI,1.0,0.311,0.582
2008-11-03 14:30:00+00:00,COST,-13.361170688913848,NONE,GRAVESTONE_DOJI,1.0,0.374,0.593
2008-11-03 14:30:00+00:00,HON,-17.07639849912533,THREE_BLACK_CROWS,NONE,1.0,0.511,0.469
2008-11-03 14:30:00+00:00,QQQ,-15.547904625036699,DRAGONFLY_DOJI,NONE,0.5,0.587,0.407
2008-11-04 14:30:00+00:00,JNJ,-1.7142303719008225,NONE,NONE,1.0,0.535,0.362
2008-11-05 14:30:00+00:00,MSFT,-16.833439432520922,NONE,BEARISH_MARUBOZU,1.0,0.282,0.203
2008-11-05 14:30:00+00:00,JNJ,-3.152704406573613,THREE_BLACK_CROWS,EVENING_STAR,1.1,0.23,0.133
2008-11-12 14:30:00+00:00,JNJ,-1.1853484750323338,NONE,NONE,1.1,0.06,0.56
2008-11-17 14:30:00+00:00,AAPL,2.683995740281546,NONE,NONE,1.1,0.081,0.279
2008-11-17 14:30:00+00:00,MSFT,-2.251084681741627,NONE,NONE,1.1,0.111,0.444
2008-11-17 14:30:00+00:00,AMZN,2.4932815765900287,HANGING_MAN,NONE,1.1,0.057,0.552
2008-11-17 14:30:00+00:00,JNJ,-3.733440114737955,NONE,GRAVESTONE_DOJI,1.1,0.272,0.302
2008-11-17 14:30:00+00:00,IBM,0.39862880963093955,BEARISH_MARUBOZU,NONE,1.375,0.107,0.202
2008-11-17 14:30:00+00:00,QQQ,-3.0178422079732354,NONE,NONE,1.1,0.162,0.195
2008-11-19 14:30:00+00:00,MSFT,4.718009360507761,TWEEZER_BOTTOM,NONE,1.265,0.007,0.959
2008-11-19 14:30:00+00:00,AMZN,32.20098340503995,MORNING_STAR,NONE,1.265,0.004,0.949
2008-11-19 14:30:00+00:00,JNJ,-3.7272041813040877,DOJI,GRAVESTONE_DOJI,1.1,0.141,0.743
2008-11-19 14:30:00+00:00,HON,4.795549441883336,NONE,NONE,1.1,0.014,0.693
2008-11-19 14:30:00+00:00,IBM,2.1797630191592576,NONE,NONE,1.1,0.029,0.777
2008-11-19 14:30:00+00:00,PEP,0.6636529768202207,NONE,NONE,1.1,0.122,0.507
2008-11-19 14:30:00+00:00,SPY,5.470103683046937,BULLISH_ENGULFING,NONE,1.1,0.029,0.716
2008-11-19 14:30:00+00:00,QQQ,4.009314088306558,BULLISH_ENGULFING,NONE,1.265,0.01,0.805
2008-11-24 14:30:00+00:00,AAPL,5.011311238229792,NONE,NONE,1.0,0.423,0.522
2008-11-24 14:30:00+00:00,MSFT,-1.8953663156189267,NONE,NONE,1.0,0.518,0.396
2008-11-24 14:30:00+00:00,AMZN,20.821349427130002,NONE,NONE,1.0,0.325,0.61
2008-11-24 14:30:00+00:00,JNJ,-4.040250707750867,GRAVESTONE_DOJI,DRAGONFLY_DOJI,1.0,0.542,0.319
2008-11-24 14:30:00+00:00,COST,5.373892894661562,GRAVESTONE_DOJI,NONE,1.0,0.46,0.404
2008-11-24 14:30:00+00:00,HON,2.7849201793433993,NONE,DRAGONFLY_DOJI,1.0,0.299,0.544
2008-11-24 14:30:00+00:00,MCD,5.203761810746007,NONE,NONE,1.0,0.61,0.316
2008-11-24 14:30:00+00:00,SPY,2.0885398963953006,NONE,DRAGONFLY_DOJI,1.0,0.403,0.529
2008-11-24 14:30:00+00:00,QQQ,4.447967423082274,NONE,DRAGONFLY_DOJI,1.0,0.363,0.579
2008-11-28 14:30:00+00:00,IBM,0.9741164661072632,NONE,NONE,1.0,0.651,0.225
2008-12-01 14:30:00+00:00,MSFT,-0.13123517900070011,BEARISH_ENGULFING,NONE,1.375,0.248,0.724
2008-12-01 14:30:00+00:00,AMZN,17.205360839048943,NONE,INVERTED_HAMMER,1.0,0.362,0.594
2008-12-01 14:30:00+00:00,JPM,6.158966507791591,NONE,NONE,1.0,0.342,0.647
2008-12-01 14:30:00+00:00,JNJ,2.654710112758598,BEARISH_ENGULFING,NONE,1.375,0.099,0.665
2008-12-01 14:30:00+00:00,COST,8.197950348802925,NONE,INVERTED_HAMMER,1.0,0.358,0.596
2008-12-01 14:30:00+00:00,IBM,5.862942128967269,NONE,NONE,1.0,0.398,0.596
2008-12-01 14:30:00+00:00,QQQ,6.4818021833224435,NONE,SHOOTING_STAR,1.4300000000000002,0.272,0.724
2008-12-04 14:30:00+00:00,JPM,-2.0332392904627534,NONE,NONE,1.0,0.64,0.2
2008-12-04 14:30:00+00:00,JNJ,5.016752118493201,NONE,BEARISH_ENGULFING,1.1,0.198,0.261
2008-12-04 14:30:00+00:00,HON,29.3791526039472,EVENING_STAR,NONE,1.0,0.392,0.238
2008-12-04 14:30:00+00:00,MRK,11.18681772801783,NONE,NONE,1.0,0.366,0.402
2008-12-04 14:30:00+00:00,PEP,3.766806459426565,NONE,TWEEZER_TOP,1.0,0.361,0.132
2008-12-15 14:30:00+00:00,MSFT,0.062039499257260836,DRAGONFLY_DOJI,TWEEZER_TOP,0.55,0.205,0.306
2008-12-16 14:30:00+00:00,MSFT,-2.13944122829095,NONE,NONE,1.0,0.59,0.27
2009-01-14 14:30:00+00:00,AAPL,14.84742202257948,EVENING_STAR,NONE,1.1,0.062,0.122
2009-01-21 14:30:00+00:00,JPM,6.26819495483136,NONE,NONE,1.0,0.346,0.51
2009-02-06 14:30:00+00:00,PG,-9.479665315340327,NONE,DRAGONFLY_DOJI,1.1,0.272,0.594
2009-02-09 14:30:00+00:00,PG,-6.074865220639794,NONE,THREE_BLACK_CROWS,1.1,0.118,0.703
2009-02-10 14:30:00+00:00,PG,-3.8238885932299724,NONE,THREE_BLACK_CROWS,1.265,0.06,0.841
2009-02-24 14:30:00+00:00,COST,-5.256445122687227,THREE_BLACK_CROWS,NONE,1.0,0.294,0.568
2009-02-25 14:30:00+00:00,JPM,-13.036140449941858,NONE,NONE,1.0,0.323,0.273
2009-02-25 14:30:00+00:00,PG,-10.272745112478662,THREE_BLACK_CROWS,THREE_BLACK_CROWS,1.1,0.199,0.778
2009-02-27 14:30:00+00:00,JPM,8.765351599684154,NONE,NONE,1.0,0.445,0.289
2009-03-04 14:30:00+00:00,COST,9.214227392666135,NONE,THREE_BLACK_CROWS,1.1,0.153,0.78
2009-03-04 14:30:00+00:00,PG,2.963246645155311,THREE_BLACK_CROWS,THREE_BLACK_CROWS,1.1,0.164,0.792
2009-03-10 13:30:00+00:00,JPM,28.59845652566782,BEARISH_MARUBOZU,BEARISH_ENGULFING,1.25,0.492,0.291
2009-03-10 13:30:00+00:00,COST,15.240252435811305,NONE,NONE,1.0,0.372,0.389
2009-03-10 13:30:00+00:00,HD,17.740611532936583,BEARISH_MARUBOZU,HAMMER,1.25,0.509,0.219
2009-03-10 13:30:00+00:00,HON,13.901140169969379,TWEEZER_TOP,DRAGONFLY_DOJI,1.0,0.284,0.716
2009-03-10 13:30:00+00:00,MCD,1.5644451625002658,BEARISH_MARUBOZU,NONE,1.25,0.324,0.51
2009-03-10 13:30:00+00:00,SPY,10.121338397639072,BEARISH_MARUBOZU,NONE,1.25,0.389,0.584
2009-03-11 13:30:00+00:00,JPM,39.43276836047863,BEARISH_ENGULFING,NONE,1.25,0.59,0.181
2009-03-11 13:30:00+00:00,JNJ,10.311147763702332,NONE,NONE,1.265,0.161,0.816
2009-03-11 13:30:00+00:00,COST,16.672064089328188,BEARISH_ENGULFING,NONE,1.375,0.262,0.6
2009-03-11 13:30:00+00:00,HD,17.772103896445547,BEARISH_ENGULFING,NONE,1.25,0.578,0.071
2009-03-11 13:30:00+00:00,HON,8.13132069447458,BEARISH_ENGULFING,NONE,1.25,0.458,0.495
2009-03-11 13:30:00+00:00,PG,6.733350951961109,THREE_BLACK_CROWS,NONE,1.1,0.14,0.792
2009-03-11 13:30:00+00:00,SPY,11.57839940820296,THREE_BLACK_CROWS,NONE,1.0,0.425,0.552
2009-03-13 13:30:00+00:00,COST,12.23714245122183,NONE,BULLISH_ENGULFING,0.6,0.796,0.119
2009-03-13 13:30:00+00:00,HON,7.414341154757238,NONE,BULLISH_ENGULFING,0.6,0.616,0.365
2009-03-13 13:30:00+00:00,MCD,4.209292761654547,NONE,NONE,1.0,0.392,0.479
2009-03-13 13:30:00+00:00,SPY,5.745295720781638,NONE,BULLISH_ENGULFING,0.6,0.715,0.173
2009-03-17 13:30:00+00:00,HON,0.6539232246049258,NONE,MORNING_STAR,0.6,0.76,0.24
2009-03-18 13:30:00+00:00,PG,-0.5199949403666965,THREE_BLACK_CROWS,BULLISH_ENGULFING,0.6,0.652,0.332
2009-04-08 13:30:00+00:00,MRK,-15.209695076830327,MORNING_STAR,NONE,1.0,0.443,0.111
2009-07-08 13:30:00+00:00,HD,8.099804442784125,EVENING_STAR,BEARISH_ENGULFING,1.1,0.198,0.31
2010-02-10 14:30:00+00:00,XOM,0.5293454943901779,BEARISH_ENGULFING,NONE,1.25,0.281,0.712
2010-02-12 14:30:00+00:00,XOM,-0.2592801586091058,EVENING_STAR,NONE,1.0,0.338,0.477
2010-05-19 13:30:00+00:00,MRK,6.128102819254478,DOJI,NONE,1.0,0.339,0.417
2010-05-20 13:30:00+00:00,MRK,5.937209638912182,NONE,BEARISH_MARUBOZU,1.1,0.198,0.62
2010-06-04 13:30:00+00:00,MRK,7.3363055192595725,NONE,NONE,1.0,0.605,0.051
2010-06-14 13:30:00+00:00,JPM,2.359773183007329,DRAGONFLY_DOJI,NONE,0.55,0.198,0.718
2010-06-23 13:30:00+00:00,MSFT,-4.422688881726864,NONE,NONE,1.0,0.289,0.545
2010-06-23 13:30:00+00:00,JPM,-1.3392626299188188,NONE,NONE,1.0,0.69,0.286
2010-06-23 13:30:00+00:00,JNJ,3.8209773177043695,NONE,DOJI,1.0,0.619,0.272
2010-06-23 13:30:00+00:00,HON,-2.3202830726716654,INVERTED_HAMMER,NONE,1.0,0.567,0.26
2010-06-28 13:30:00+00:00,XOM,2.256104906296787,NONE,BEARISH_ENGULFING,1.1,0.0,0.191
2010-06-29 13:30:00+00:00,AMZN,13.080880801929615,NONE,NONE,1.1,0.118,0.533
2010-06-29 13:30:00+00:00,JPM,8.707386782294998,NONE,NONE,1.1,0.062,0.376
2010-06-29 13:30:00+00:00,XOM,3.2206197418613165,NONE,EVENING_STAR,1.1,0.039,0.572
2010-06-29 13:30:00+00:00,HD,-1.1776182401236366,BEARISH_ENGULFING,NONE,1.375,0.048,0.747
2010-06-29 13:30:00+00:00,HON,7.6509896455431745,BEARISH_ENGULFING,EVENING_STAR,1.375,0.055,0.274
2010-06-29 13:30:00+00:00,SPY,5.312139838647706,TWEEZER_TOP,NONE,1.1,0.068,0.314
2010-07-06 13:30:00+00:00,MSFT,6.650991035917239,NONE,HANGING_MAN,1.1,0.262,0.464
2010-07-06 13:30:00+00:00,JPM,7.622950122940835,NONE,EVENING_STAR,1.1,0.253,0.264
2010-07-06 13:30:00+00:00,HON,5.94525419656541,PIERCING_LINE,NONE,1.1,0.139,0.553
2010-07-08 13:30:00+00:00,JPM,3.905386604383649,NONE,NONE,1.0,0.649,0.095
2010-07-08 13:30:00+00:00,HD,0.2878139431476764,NONE,HANGING_MAN,1.1,0.202,0.777
2010-07-09 13:30:00+00:00,HD,-0.11667433145968795,NONE,HAMMER,1.1,0.224,0.711
2010-07-14 13:30:00+00:00,MSFT,1.5218496928915117,NONE,NONE,1.0,0.889,0.111
2010-07-19 13:30:00+00:00,XOM,7.14040275831358,BEARISH_ENGULFING,NONE,1.25,0.659,0.233
2011-03-15 13:30:00+00:00,MRK,2.8230878812277105,NONE,NONE,1.1,0.085,0.373
2011-03-21 13:30:00+00:00,MSFT,0.8964142914972806,NONE,NONE,1.0,0.31,0.605
2011-03-21 13:30:00+00:00,MRK,2.211988794053985,HANGING_MAN,NONE,1.0,0.55,0.087
2011-03-25 13:30:00+00:00,MSFT,1.4634155834046891,NONE,NONE,1.0,0.591,0.321
2011-04-14 13:30:00+00:00,MSFT,1.6549879125865932,NONE,TWEEZER_TOP,1.1,0.27,0.418
2011-06-17 13:30:00+00:00,JPM,2.4920505804924833,NONE,NONE,1.0,0.299,0.516
2011-07-12 13:30:00+00:00,JPM,4.209626313936509,BEARISH_ENGULFING,TWEEZER_TOP,1.375,0.059,0.506
2011-09-07 13:30:00+00:00,PEP,-1.088546836102117,MORNING_STAR,TWEEZER_TOP,1.1,0.118,0.576
2011-09-12 13:30:00+00:00,PEP,2.499132218729944,NONE,NONE,1.1,0.157,0.468
2011-09-16 13:30:00+00:00,PEP,1.0793611913976475,NONE,PIERCING_LINE,1.0,0.495,0.23
2011-10-03 13:30:00+00:00,JPM,8.881689973459373,NONE,THREE_BLACK_CROWS,1.1,0.021,0.725
2011-10-05 13:30:00+00:00,JPM,4.321629438509294,NONE,NONE,1.0,0.466,0.394
2011-10-06 13:30:00+00:00,JPM,1.0800554954828128,HAMMER,NONE,1.0,0.706,0.26
2011-12-01 14:30:00+00:00,AMZN,-8.231157845749957,NONE,NONE,1.0,0.382,0.401
2011-12-14 14:30:00+00:00,AMZN,-4.774371785258691,NONE,NONE,1.0,0.339,0.437
2011-12-15 14:30:00+00:00,AMZN,-5.321872777990485,NONE,NONE,1.0,0.374,0.311
2011-12-19 14:30:00+00:00,AMZN,-2.9750820923944095,DRAGONFLY_DOJI,NONE,0.5,0.309,0.525
2011-12-20 14:30:00+00:00,AMZN,-2.9564902711327217,NONE,NONE,1.0,0.417,0.416
2011-12-23 14:30:00+00:00,AMZN,0.7678279240158805,NONE,NONE,1.1,0.245,0.751
2012-01-09 14:30:00+00:00,AMZN,2.956549836382218,NONE,NONE,1.0,0.656,0.218
2012-01-10 14:30:00+00:00,AMZN,4.392489077143727,NONE,DOJI,1.0,0.7,0.15
2012-01-11 14:30:00+00:00,AMZN,7.520828197594717,NONE,NONE,1.0,0.675,0.214
2012-05-23 13:30:00+00:00,JPM,-4.9701674100677575,DOJI,HANGING_MAN,1.265,0.18,0.819
2012-05-31 13:30:00+00:00,JPM,6.62191847565754,NONE,NONE,1.265,0.097,0.884
2012-06-05 13:30:00+00:00,JPM,7.819800140244995,BEARISH_MARUBOZU,NONE,1.375,0.18,0.652
2012-06-06 13:30:00+00:00,JPM,7.607829244531036,NONE,DRAGONFLY_DOJI,1.0,0.364,0.605
2012-06-08 13:30:00+00:00,JPM,4.210128561501054,NONE,NONE,1.0,0.76,0.083
2012-06-27 13:30:00+00:00,MCD,4.337847917758309,HANGING_MAN,BEARISH_ENGULFING,1.0,0.498,0.262
2012-11-13 14:30:00+00:00,AAPL,6.643096103122287,NONE,NONE,1.1,0.09,0.684
2012-11-15 14:30:00+00:00,AAPL,10.927284557492415,NONE,NONE,1.265,0.029,0.922
2012-11-21 14:30:00+00:00,AAPL,-3.672794447249108,NONE,NONE,1.0,0.575,0.376
2012-12-03 14:30:00+00:00,MSFT,2.133514267405477,NONE,BEARISH_MARUBOZU,1.265,0.032,0.942
2012-12-05 14:30:00+00:00,AAPL,-1.1453423403793588,NONE,BEARISH_ENGULFING,1.0,0.372,0.076
2012-12-05 14:30:00+00:00,MSFT,1.7245874771855365,NONE,NONE,1.1,0.272,0.377
2012-12-07 14:30:00+00:00,MSFT,3.1760947190377844,BEARISH_MARUBOZU,NONE,1.375,0.129,0.142
2012-12-13 14:30:00+00:00,AAPL,-1.2434144570263694,NONE,NONE,1.1,0.146,0.493
2013-02-06 14:30:00+00:00,AAPL,-4.039673327813735,NONE,DRAGONFLY_DOJI,1.1,0.279,0.466
2013-02-12 14:30:00+00:00,AAPL,-5.057504045456584,NONE,NONE,1.0,0.411,0.511
2013-02-28 14:30:00+00:00,AAPL,-1.4402288393838072,DRAGONFLY_DOJI,NONE,0.55,0.079,0.462
2013-03-01 14:30:00+00:00,AAPL,3.4847602490348546,NONE,THREE_BLACK_CROWS,1.1,0.009,0.792
2013-03-14 13:30:00+00:00,AAPL,0.9192278395501361,NONE,NONE,1.0,0.374,0.464
2013-03-15 13:30:00+00:00,AAPL,-3.1972029240870365,NONE,MORNING_STAR,0.6,0.683,0.282
2013-04-05 13:30:00+00:00,AAPL,-8.186433080183503,NONE,NONE,1.1,0.07,0.293
2014-05-06 13:30:00+00:00,AMZN,1.570825408387621,THREE_BLACK_CROWS,GRAVESTONE_DOJI,1.1,0.189,0.39
2014-05-07 13:30:00+00:00,AMZN,4.568341638872976,THREE_BLACK_CROWS,NONE,1.1,0.119,0.56
2014-05-12 13:30:00+00:00,AMZN,2.552089347872704,NONE,HANGING_MAN,1.0,0.348,0.549
2014-05-13 13:30:00+00:00,AMZN,2.262461341650784,MORNING_STAR,BULLISH_ENGULFING,0.6,0.382,0.536
2014-05-14 13:30:00+00:00,AMZN,4.977551170617795,NONE,NONE,1.1,0.25,0.604
2014-05-16 13:30:00+00:00,AMZN,4.239584985773544,NONE,NONE,1.0,0.461,0.218
2014-11-18 14:30:00+00:00,IBM,1.4528501486385799,NONE,NONE,1.0,0.332,0.44
2014-12-10 14:30:00+00:00,IBM,0.4712499751185709,NONE,TWEEZER_TOP,1.1,0.15,0.326
2014-12-12 14:30:00+00:00,IBM,2.6804648082343396,NONE,BEARISH_ENGULFING,1.1,0.005,0.702
2014-12-17 14:30:00+00:00,IBM,5.221467766620805,NONE,NONE,1.1,0.102,0.713
2015-02-05 14:30:00+00:00,MSFT,2.599195208684253,NONE,NONE,1.0,0.31,0.527
2015-06-19 13:30:00+00:00,WMT,-0.6839574060349076,BEARISH_MARUBOZU,NONE,1.25,0.297,0.557
2015-06-29 13:30:00+00:00,WMT,2.6100968611779027,NONE,BEARISH_ENGULFING,1.1,0.004,0.566
2015-07-01 13:30:00+00:00,WMT,2.3852419923416104,NONE,THREE_BLACK_CROWS,1.0,0.459,0.408
2015-09-02 13:30:00+00:00,AAPL,1.0251498705260598,NONE,DRAGONFLY_DOJI,1.0,0.793,0.144
2015-09-17 13:30:00+00:00,PG,3.4046650666130116,HANGING_MAN,BULLISH_ENGULFING,0.6,0.658,0.262
2015-09-24 13:30:00+00:00,JPM,1.2400397594876937,NONE,NONE,1.1,0.147,0.514
2015-10-15 13:30:00+00:00,WMT,-2.72229948920145,DRAGONFLY_DOJI,BEARISH_ENGULFING,0.55,0.077,0.507
2015-10-19 13:30:00+00:00,WMT,-2.195133048019578,NONE,NONE,1.1,0.05,0.511
2015-10-20 13:30:00+00:00,WMT,-1.2515574434069359,DOJI,NONE,1.1,0.04,0.593
2015-11-05 14:30:00+00:00,WMT,2.865665604456422,BEARISH_ENGULFING,NONE,1.25,0.577,0.27
2015-11-09 14:30:00+00:00,WMT,3.273353958101435,NONE,MORNING_STAR,0.6,0.539,0.116
2015-11-10 14:30:00+00:00,WMT,2.207207663374609,NONE,MORNING_STAR,0.6,0.599,0.038
2016-01-12 14:30:00+00:00,AAPL,-7.2376848146640205,BEARISH_MARUBOZU,NONE,1.375,0.272,0.563
2016-01-13 14:30:00+00:00,AAPL,-4.413109291504962,NONE,NONE,1.1,0.074,0.77
2016-02-01 14:30:00+00:00,AAPL,1.0920959035942894,NONE,BEARISH_ENGULFING,1.0,0.442,0.278
2016-02-03 14:30:00+00:00,AAPL,0.19360076607615698,NONE,NONE,1.0,0.433,0.434
2016-02-03 14:30:00+00:00,AMZN,-0.3751567976431002,NONE,BEARISH_ENGULFING,1.1,0.079,0.773
2016-02-03 14:30:00+00:00,JPM,1.0558333041988588,NONE,DOJI,1.0,0.548,0.409
2016-02-03 14:30:00+00:00,QQQ,-0.21811593132547705,NONE,NONE,1.0,0.491,0.483
2016-02-04 14:30:00+00:00,AAPL,-0.8291771217330971,NONE,NONE,1.0,0.461,0.149
2016-02-04 14:30:00+00:00,QQQ,-0.020658921210824296,NONE,NONE,1.0,0.569,0.084
2016-02-08 14:30:00+00:00,AAPL,0.21060206792181063,NONE,NONE,1.0,0.287,0.372
2016-02-10 14:30:00+00:00,AAPL,2.9328851206876427,NONE,TWEEZER_TOP,1.1,0.206,0.305
2016-02-10 14:30:00+00:00,SPY,7.062488707354866,NONE,NONE,1.1,0.21,0.08
2016-02-10 14:30:00+00:00,QQQ,8.255020227256104,NONE,NONE,1.1,0.186,0.452
2016-02-17 14:30:00+00:00,AMZN,6.865069059577814,PIERCING_LINE,NONE,1.0,0.366,0.414
2016-02-24 14:30:00+00:00,JPM,5.1414750395703255,GRAVESTONE_DOJI,BEARISH_ENGULFING,1.0,0.539,0.182
2016-10-10 13:30:00+00:00,COST,1.526704820382776,TWEEZER_BOTTOM,NONE,1.0,0.403,0.281
2016-10-11 13:30:00+00:00,COST,-0.059571088165212734,TWEEZER_BOTTOM,HAMMER,1.0,0.498,0.207
2016-10-17 13:30:00+00:00,COST,-1.1768951620987602,NONE,NONE,1.1,0.196,0.356
2016-11-07 14:30:00+00:00,COST,4.853197200585418,NONE,NONE,1.1,0.14,0.585
2017-05-05 13:30:00+00:00,IBM,-0.6192493605656968,NONE,NONE,1.1,0.11,0.787
2017-05-12 13:30:00+00:00,IBM,1.1488740527333756,NONE,NONE,1.265,0.047,0.891
2017-05-17 13:30:00+00:00,IBM,1.118014184768928,NONE,GRAVESTONE_DOJI,1.265,0.106,0.867
2017-05-18 13:30:00+00:00,IBM,0.5841218401227648,NONE,TWEEZER_BOTTOM,1.265,0.092,0.9
2017-05-22 13:30:00+00:00,IBM,-0.2461597693436043,BEARISH_MARUBOZU,TWEEZER_BOTTOM,1.25,0.294,0.701
2017-05-24 13:30:00+00:00,IBM,-0.8011629476755431,NONE,BULLISH_ENGULFING,0.6,0.291,0.682
2017-11-22 14:30:00+00:00,MRK,0.39961726673518355,NONE,NONE,1.1,0.239,0.359
2017-12-01 14:30:00+00:00,MRK,0.4034710308903065,NONE,NONE,1.0,0.842,0.158
2018-03-02 14:30:00+00:00,PG,-0.5470604333085457,BEARISH_MARUBOZU,NONE,1.25,0.299,0.277
2018-03-08 14:30:00+00:00,PG,-4.802247568975095,NONE,NONE,1.0,0.387,0.187
2018-03-14 13:30:00+00:00,MCD,-0.4124074283630731,NONE,NONE,1.0,0.637,0.04
2018-03-26 13:30:00+00:00,HD,-2.475083336612453,NONE,NONE,1.0,0.419,0.554
2018-03-26 13:30:00+00:00,WMT,-2.0019048128058428,NONE,NONE,1.0,0.425,0.546
2018-03-29 13:30:00+00:00,PG,-1.4102225409165756,NONE,NONE,1.0,0.703,0.182
2018-04-04 13:30:00+00:00,HD,0.8845983407470556,NONE,NONE,1.0,0.703,0.166
2018-04-04 13:30:00+00:00,WMT,-0.18180880836808988,TWEEZER_BOTTOM,NONE,1.0,0.453,0.246
2018-04-05 13:30:00+00:00,PG,-4.541275295447626,NONE,NONE,1.0,0.639,0.062
2018-04-06 13:30:00+00:00,HD,0.9420727882389094,TWEEZER_TOP,NONE,1.0,0.404,0.399
2018-04-06 13:30:00+00:00,PG,-6.497060612203527,NONE,NONE,1.0,0.56,0.107
2018-04-06 13:30:00+00:00,WMT,0.010347252546764774,NONE,NONE,1.0,0.352,0.196
2018-04-10 13:30:00+00:00,HD,2.2828824437403514,NONE,TWEEZER_BOTTOM,1.0,0.316,0.427
2018-04-10 13:30:00+00:00,PG,-7.354162673311604,THREE_BLACK_CROWS,INVERTED_HAMMER,1.0,0.547,0.079
2018-04-10 13:30:00+00:00,WMT,0.4924146098633983,THREE_BLACK_CROWS,INVERTED_HAMMER,1.0,0.333,0.291
2018-04-17 13:30:00+00:00,HD,5.186695988058741,NONE,NONE,1.0,0.467,0.257
2018-04-25 13:30:00+00:00,WMT,-4.869893133793732,NONE,TWEEZER_TOP,1.0,0.588,0.128
2018-05-14 13:30:00+00:00,PEP,4.551776914843559,EVENING_STAR,NONE,1.1,0.149,0.672
2018-05-16 13:30:00+00:00,PEP,2.679394473236782,BEARISH_MARUBOZU,NONE,1.375,0.154,0.622
2018-05-18 13:30:00+00:00,PEP,1.7355607039791876,NONE,NONE,1.1,0.244,0.673
2018-11-01 13:30:00+00:00,AMZN,-3.7852218844298657,NONE,NONE,1.0,0.513,0.386
2018-11-05 14:30:00+00:00,AMZN,-6.843990526027246,NONE,NONE,1.0,0.411,0.422
2018-11-13 14:30:00+00:00,AMZN,0.8316230471058641,NONE,SHOOTING_STAR,1.3,0.486,0.448
2018-11-20 14:30:00+00:00,HD,3.397315172010579,NONE,BEARISH_MARUBOZU,1.1,0.095,0.412
2018-11-21 14:30:00+00:00,HD,1.8953153748171903,NONE,NONE,1.1,0.106,0.348
2018-11-23 14:30:00+00:00,AMZN,6.211478008283187,NONE,NONE,1.1,0.225,0.485
2018-11-23 14:30:00+00:00,HD,0.6672451803555545,BULLISH_ENGULFING,NONE,1.1,0.085,0.628
2018-11-27 14:30:00+00:00,AAPL,-4.660419697123458,NONE,NONE,1.1,0.1,0.694
2018-11-27 14:30:00+00:00,IBM,-0.11294645473749769,DRAGONFLY_DOJI,NONE,0.5,0.399,0.08
2018-11-28 14:30:00+00:00,QQQ,-1.8687144861035196,NONE,NONE,1.0,0.627,0.192
2018-12-07 14:30:00+00:00,AAPL,-9.02122214442647,BEARISH_MARUBOZU,BEARISH_ENGULFING,1.375,0.007,0.746
2018-12-13 14:30:00+00:00,AAPL,-7.763608454362974,THREE_BLACK_CROWS,HANGING_MAN,1.0,0.353,0.406
2018-12-17 14:30:00+00:00,HD,1.8700700168394881,NONE,NONE,1.1,0.063,0.135
2018-12-17 14:30:00+00:00,HON,-3.199988251534649,NONE,NONE,1.1,0.045,0.529
2018-12-19 14:30:00+00:00,AAPL,-7.959349643967957,NONE,NONE,1.1,0.07,0.613
2018-12-19 14:30:00+00:00,HON,1.1002215463182006,NONE,NONE,1.1,0.057,0.538
2018-12-20 14:30:00+00:00,AAPL,-6.203039698693204,HAMMER,BEARISH_MARUBOZU,1.265,0.052,0.871
2018-12-21 14:30:00+00:00,AAPL,1.4154434024460698,NONE,NONE,1.265,0.031,0.837
2019-01-09 14:30:00+00:00,AAPL,-0.07263874982823122,NONE,NONE,1.0,0.443,0.473
2019-01-14 14:30:00+00:00,AAPL,2.70643542004196,BEARISH_MARUBOZU,NONE,1.25,0.461,0.395
2019-06-11 13:30:00+00:00,XOM,2.293454935622309,NONE,NONE,1.0,0.722,0.245
2019-11-13 14:30:00+00:00,MCD,0.4277002414766979,NONE,HANGING_MAN,1.0,0.621,0.378
2019-11-14 14:30:00+00:00,MCD,-0.12227933612745957,NONE,NONE,1.0,0.617,0.201
2020-02-25 14:30:00+00:00,XOM,-20.69639562286487,BEARISH_MARUBOZU,THREE_BLACK_CROWS,1.5,0.025,0.802
2020-03-10 13:30:00+00:00,XOM,-16.73519253811997,THREE_BLACK_CROWS,THREE_BLACK_CROWS,1.265,0.132,0.842
2020-03-10 13:30:00+00:00,MRK,-13.733868627792884,NONE,NONE,1.0,0.878,0.119
2020-03-11 13:30:00+00:00,MRK,-8.894229941350991,EVENING_STAR,NONE,1.0,0.57,0.334
2020-03-16 13:30:00+00:00,MRK,6.698651631203647,NONE,THREE_BLACK_CROWS,1.1,0.176,0.728
2020-03-17 13:30:00+00:00,JPM,1.4845625782016085,NONE,NONE,1.1,0.207,0.747
2020-03-17 13:30:00+00:00,XOM,8.182802438885407,THREE_BLACK_CROWS,NONE,1.265,0.165,0.822
2020-03-17 13:30:00+00:00,HON,7.7014723521409,EVENING_STAR,NONE,1.1,0.162,0.765
2020-03-17 13:30:00+00:00,MRK,6.812155161760375,THREE_BLACK_CROWS,NONE,1.0,0.461,0.387
2020-03-20 13:30:00+00:00,MRK,7.536738013524509,NONE,DOJI,1.1,0.266,0.362
2020-03-24 13:30:00+00:00,XOM,11.910124555643003,THREE_BLACK_CROWS,NONE,1.1,0.238,0.751
2020-03-24 13:30:00+00:00,HON,10.994386264403673,NONE,NONE,1.1,0.26,0.641
2020-03-24 13:30:00+00:00,MRK,14.230875880864085,THREE_BLACK_CROWS,NONE,1.1,0.213,0.699
2020-03-30 13:30:00+00:00,MRK,8.347066734769166,NONE,NONE,1.0,0.691,0.209
2020-08-25 13:30:00+00:00,XOM,-6.810563925006442,NONE,NONE,1.1,0.031,0.572
2020-10-05 13:30:00+00:00,XOM,-2.369197511027995,NONE,NONE,1.1,0.258,0.515
2020-10-16 13:30:00+00:00,XOM,-4.614304930112881,NONE,NONE,1.0,0.505,0.278
2020-10-20 13:30:00+00:00,XOM,-0.44102747481972476,THREE_BLACK_CROWS,NONE,1.0,0.398,0.251
2020-10-26 13:30:00+00:00,XOM,11.234939759036159,NONE,NONE,1.1,0.133,0.257
2020-10-27 13:30:00+00:00,XOM,14.521841794569065,THREE_BLACK_CROWS,SHOOTING_STAR,1.4300000000000002,0.037,0.252
2020-11-02 14:30:00+00:00,XOM,10.206203430947818,NONE,BULLISH_ENGULFING,0.6,0.725,0.186
2021-03-11 14:30:00+00:00,MRK,2.6308689246071633,NONE,NONE,1.0,0.687,0.191
2021-03-16 13:30:00+00:00,WMT,2.3556735644619837,NONE,MORNING_STAR,0.6,0.72,0.251
2021-03-17 13:30:00+00:00,COST,7.773427527048075,NONE,NONE,1.0,0.616,0.324
2021-03-18 13:30:00+00:00,COST,9.449391913560452,TWEEZER_TOP,NONE,1.0,0.551,0.432
2021-03-19 13:30:00+00:00,COST,9.58912430751288,BEARISH_MARUBOZU,NONE,1.25,0.756,0.217
2021-05-17 00:00:00+00:00,XOM,-2.781804615448481,NONE,NONE,1.0,0.399,0.319
2021-05-28 00:00:00+00:00,XOM,4.188017660219986,BULLISH_MARUBOZU,NONE,1.1,0.09,0.762
2021-06-14 00:00:00+00:00,HD,1.6114105453876175,NONE,NONE,1.1,0.232,0.428
2021-06-16 00:00:00+00:00,HD,5.0473355533372155,NONE,NONE,1.1,0.086,0.717
2021-06-21 00:00:00+00:00,HD,3.0565738791324644,NONE,HANGING_MAN,1.0,0.434,0.538
2021-06-21 00:00:00+00:00,PG,2.1223389221245004,EVENING_STAR,NONE,1.1,0.231,0.555
2021-06-25 00:00:00+00:00,JNJ,2.9678926897995708,THREE_BLACK_CROWS,TWEEZER_BOTTOM,1.0,0.418,0.309
2021-06-28 00:00:00+00:00,JNJ,3.136066873300419,BEARISH_MARUBOZU,NONE,1.25,0.385,0.218
2021-07-12 00:00:00+00:00,IBM,1.2201647016299468,BEARISH_MARUBOZU,NONE,1.25,0.367,0.307
2021-08-26 00:00:00+00:00,XOM,-2.7054387161008044,NONE,TWEEZER_BOTTOM,1.0,0.459,0.367
2021-10-04 00:00:00+00:00,MA,3.093420837773262,NONE,TWEEZER_TOP,1.0,0.311,0.199
2021-10-05 00:00:00+00:00,MA,6.325866178400037,INVERTED_HAMMER,TWEEZER_TOP,1.1,0.275,0.138
2022-01-27 00:00:00+00:00,NVDA,16.49118345643206,NONE,NONE,1.1,0.137,0.739
2022-01-28 00:00:00+00:00,AMZN,5.460733003859262,NONE,NONE,1.1,0.274,0.63
2022-01-28 00:00:00+00:00,INTU,-0.46440180632533024,BEARISH_ENGULFING,HAMMER,1.25,0.39,0.575
2022-02-02 00:00:00+00:00,AMZN,11.081048823091432,HANGING_MAN,NONE,1.0,0.484,0.506
2022-02-02 00:00:00+00:00,INTU,-3.231808624302474,NONE,NONE,1.0,0.696,0.251
2022-02-15 00:00:00+00:00,TXN,2.9268747194551312,NONE,NONE,1.1,0.189,0.548
2022-02-16 00:00:00+00:00,TMO,0.4292025382696676,NONE,EVENING_STAR,1.1,0.161,0.262
2022-02-18 00:00:00+00:00,MSFT,-2.377976159331228,BULLISH_ENGULFING,NONE,1.1,0.058,0.724
2022-02-18 00:00:00+00:00,ACN,-4.986790875813368,NONE,NONE,1.1,0.027,0.595
2022-02-18 00:00:00+00:00,INTU,-9.194902563915603,HAMMER,BEARISH_MARUBOZU,1.1,0.024,0.54
2022-02-18 00:00:00+00:00,TMO,-0.5506605393469468,DRAGONFLY_DOJI,NONE,0.55,0.035,0.497
2022-02-23 00:00:00+00:00,AMZN,-1.264253491067551,NONE,NONE,1.1,0.255,0.401
2022-03-02 00:00:00+00:00,NVDA,0.6090975986074445,HANGING_MAN,BULLISH_MARUBOZU,1.0,0.552,0.232
2022-03-02 00:00:00+00:00,META,-2.9344129248570985,BEARISH_ENGULFING,PIERCING_LINE,1.25,0.4,0.359
2022-03-02 00:00:00+00:00,ADP,1.9553211105952564,NONE,BULLISH_ENGULFING,0.6,0.733,0.219
2022-03-02 00:00:00+00:00,HD,0.888517702619079,NONE,BULLISH_MARUBOZU,1.0,0.412,0.557
2022-03-02 00:00:00+00:00,TXN,2.4793186980510042,BEARISH_ENGULFING,NONE,1.25,0.561,0.258
2022-03-09 00:00:00+00:00,HON,5.202132959405812,NONE,NONE,1.0,0.63,0.178
2022-03-10 00:00:00+00:00,TMO,5.381784130794245,EVENING_STAR,NONE,1.0,0.442,0.228
2022-03-11 00:00:00+00:00,MSFT,7.956656669660908,BEARISH_ENGULFING,NONE,1.25,0.304,0.392
2022-03-11 00:00:00+00:00,META,18.192432119390478,BEARISH_MARUBOZU,BEARISH_MARUBOZU,1.5,0.055,0.805
2022-03-11 00:00:00+00:00,HD,-4.018994086964405,NONE,NONE,1.0,0.378,0.579
2022-03-11 00:00:00+00:00,INTU,3.89124675629735,BEARISH_ENGULFING,NONE,1.5,0.108,0.878
2022-03-11 00:00:00+00:00,TMO,6.854401111392408,NONE,EVENING_STAR,1.0,0.288,0.219
2022-03-15 00:00:00+00:00,NVDA,21.205445236486476,NONE,HAMMER,1.0,0.579,0.206
2022-03-15 00:00:00+00:00,META,17.502705900390822,BEARISH_MARUBOZU,NONE,1.375,0.227,0.444
2022-03-15 00:00:00+00:00,ACN,5.915550756649319,NONE,NONE,1.0,0.687,0.238
2022-03-15 00:00:00+00:00,MCD,5.489798782315307,NONE,NONE,1.0,0.428,0.563
2022-03-17 00:00:00+00:00,JPM,-2.9260237351822904,EVENING_STAR,NONE,1.0,0.563,0.223
2022-03-21 00:00:00+00:00,INTU,8.10654561932775,NONE,MORNING_STAR,0.6,0.622,0.138
2022-03-23 00:00:00+00:00,HD,-6.01898439171272,BULLISH_MARUBOZU,NONE,1.1,0.259,0.318
2022-04-01 00:00:00+00:00,HD,-0.6522460814934153,NONE,NONE,1.1,0.072,0.502
2022-04-07 00:00:00+00:00,JPM,-3.8670223876114083,NONE,NONE,1.1,0.167,0.571
2022-04-13 00:00:00+00:00,HD,0.04429136989807324,NONE,BULLISH_ENGULFING,0.6,0.614,0.246
2022-04-26 00:00:00+00:00,HD,-3.598950661879105,NONE,NONE,1.1,0.257,0.254
2022-04-29 00:00:00+00:00,JPM,-0.8648914163409573,NONE,NONE,1.1,0.029,0.769
2022-05-05 00:00:00+00:00,HD,-3.1221845845918796,BULLISH_ENGULFING,NONE,1.1,0.219,0.475
2022-05-20 00:00:00+00:00,JPM,7.151116528448259,NONE,NONE,1.1,0.187,0.205
2022-05-24 00:00:00+00:00,MSFT,4.451787887440853,GRAVESTONE_DOJI,HANGING_MAN,1.0,0.301,0.51
2022-05-24 00:00:00+00:00,NVDA,15.627256806832735,NONE,NONE,1.1,0.121,0.78
2022-06-13 00:00:00+00:00,MSFT,4.992976836714109,NONE,EVENING_STAR,1.1,0.02,0.366
2022-06-13 00:00:00+00:00,META,-3.535488276021206,EVENING_STAR,NONE,1.265,0.006,0.814
2022-06-13 00:00:00+00:00,BRK-B,-3.1872656870480283,NONE,BEARISH_MARUBOZU,1.1,0.037,0.66
2022-06-13 00:00:00+00:00,ACN,3.1572597930228548,NONE,EVENING_STAR,1.1,0.088,0.122
2022-06-13 00:00:00+00:00,INTU,4.988077724256883,NONE,NONE,1.1,0.115,0.1
2022-06-22 00:00:00+00:00,AAPL,6.734448100247538,NONE,NONE,1.1,0.278,0.641
2022-06-22 00:00:00+00:00,META,9.80105747143427,NONE,NONE,1.265,0.009,0.873
2022-06-22 00:00:00+00:00,COST,5.8881705624817195,NONE,DRAGONFLY_DOJI,1.0,0.35,0.197
2022-06-23 00:00:00+00:00,BRK-B,3.9802964559869416,NONE,NONE,1.265,0.074,0.866
2022-06-23 00:00:00+00:00,WMT,0.8808848929785158,NONE,BULLISH_ENGULFING,0.6,0.594,0.202
2022-06-27 00:00:00+00:00,PG,0.5969766806873854,NONE,NONE,1.0,0.758,0.227
2022-06-27 00:00:00+00:00,WMT,0.06560385792965927,GRAVESTONE_DOJI,TWEEZER_BOTTOM,1.0,0.74,0.202
2022-07-06 00:00:00+00:00,BRK-B,2.9850726917596457,BEARISH_MARUBOZU,NONE,1.25,0.59,0.318
2022-07-12 00:00:00+00:00,NVDA,12.614955302462594,NONE,GRAVESTONE_DOJI,1.0,0.314,0.425
2022-07-15 00:00:00+00:00,HON,10.921553134769432,NONE,NONE,1.0,0.386,0.262
2022-10-11 00:00:00+00:00,MSFT,11.014674165348188,THREE_BLACK_CROWS,TWEEZER_TOP,1.1,0.049,0.713
2022-10-11 00:00:00+00:00,NVDA,14.141819326191829,NONE,NONE,1.1,0.11,0.592
2022-10-11 00:00:00+00:00,AMZN,6.978436417712489,BEARISH_ENGULFING,NONE,1.375,0.136,0.769
2022-10-11 00:00:00+00:00,GOOGL,7.157883318216106,THREE_BLACK_CROWS,NONE,1.1,0.22,0.609
2022-10-11 00:00:00+00:00,META,6.876929628994409,NONE,NONE,1.1,0.069,0.789
2022-10-11 00:00:00+00:00,V,8.394163586009801,BEARISH_ENGULFING,NONE,1.375,0.236,0.733
2022-10-11 00:00:00+00:00,MA,8.517314993901133,BEARISH_ENGULFING,NONE,1.5,0.145,0.84
2022-10-11 00:00:00+00:00,COST,4.918603786093212,THREE_BLACK_CROWS,NONE,1.1,0.232,0.68
2022-10-11 00:00:00+00:00,INTU,11.318062153820687,BEARISH_ENGULFING,NONE,1.375,0.17,0.72
2022-10-11 00:00:00+00:00,PG,5.447850353634112,NONE,NONE,1.265,0.128,0.865
2022-10-11 00:00:00+00:00,TMO,2.314602051526609,BEARISH_ENGULFING,NONE,1.375,0.077,0.62
2022-10-12 00:00:00+00:00,COST,8.467390396561465,BEARISH_MARUBOZU,NONE,1.5,0.147,0.853
2022-10-12 00:00:00+00:00,PG,7.1208538162867026,BEARISH_ENGULFING,NONE,1.375,0.151,0.76
2022-10-14 00:00:00+00:00,INTU,9.434438498616622,NONE,BEARISH_ENGULFING,1.1,0.197,0.292
2022-10-14 00:00:00+00:00,PG,7.8633519759385955,NONE,NONE,1.1,0.196,0.711
2022-10-14 00:00:00+00:00,TXN,6.795652506196056,NONE,BEARISH_ENGULFING,1.1,0.102,0.572
2022-10-17 00:00:00+00:00,AAPL,4.956221451953006,NONE,NONE,1.0,0.395,0.508
2022-10-17 00:00:00+00:00,NVDA,8.571817593068724,NONE,NONE,1.0,0.378,0.218
2022-10-17 00:00:00+00:00,AMZN,-14.299812687837935,NONE,NONE,1.0,0.478,0.193
2022-10-17 00:00:00+00:00,COST,5.99961059836238,NONE,DOJI,1.0,0.338,0.475
2022-10-17 00:00:00+00:00,TXN,3.966230363297403,EVENING_STAR,NONE,1.1,0.216,0.483
2022-10-18 00:00:00+00:00,COST,6.884428108216943,THREE_BLACK_CROWS,DRAGONFLY_DOJI,1.0,0.54,0.184
2022-10-18 00:00:00+00:00,NEE,4.3998089851361994,NONE,NONE,1.0,0.369,0.572
2022-10-18 00:00:00+00:00,PG,2.915592435675439,BEARISH_MARUBOZU,NONE,1.25,0.571,0.429
2022-10-18 00:00:00+00:00,TXN,8.77984797876222,BEARISH_ENGULFING,NONE,1.375,0.238,0.43
2022-10-20 00:00:00+00:00,MSFT,-9.058127489616865,NONE,DOJI,1.0,0.541,0.068
2022-10-20 00:00:00+00:00,COST,4.668460754418174,DOJI,NONE,1.0,0.348,0.358
2022-10-20 00:00:00+00:00,PG,4.135286729465062,NONE,MORNING_STAR,0.6,0.528,0.102
2022-10-21 00:00:00+00:00,HD,2.272068589175868,TWEEZER_BOTTOM,NONE,1.0,0.305,0.218
2022-11-01 00:00:00+00:00,AMZN,1.0695383547972415,NONE,NONE,1.1,0.029,0.622
2022-11-01 00:00:00+00:00,GOOGL,7.737774750117429,NONE,NONE,1.1,0.007,0.473
2022-11-04 00:00:00+00:00,INTU,4.1681379356277075,BEARISH_ENGULFING,NONE,1.375,0.101,0.379
2022-11-07 00:00:00+00:00,AAPL,5.1177742565522255,NONE,BEARISH_ENGULFING,1.1,0.199,0.277
2022-11-07 00:00:00+00:00,META,14.174657997464573,HAMMER,HAMMER,1.265,0.172,0.803
2022-11-08 00:00:00+00:00,META,9.109432150323983,NONE,NONE,1.1,0.167,0.725
2022-11-14 00:00:00+00:00,META,-6.045336569932566,BEARISH_ENGULFING,MORNING_STAR,0.75,0.52,0.331
2022-11-18 00:00:00+00:00,AMZN,-3.6043755307971823,BEARISH_ENGULFING,NONE,1.25,0.435,0.496
2022-11-22 00:00:00+00:00,AMZN,-5.30428613457009,NONE,NONE,1.0,0.409,0.23
2022-12-06 00:00:00+00:00,META,2.656484585731828,MORNING_STAR,MORNING_STAR,0.6,0.355,0.119
2022-12-14 00:00:00+00:00,AMZN,-6.611936016007001,NONE,NONE,1.0,0.421,0.17
2022-12-28 00:00:00+00:00,AMZN,14.686401219586271,THREE_BLACK_CROWS,NONE,1.1,0.009,0.448
2023-01-03 00:00:00+00:00,AMZN,9.835230383486705,NONE,NONE,1.0,0.284,0.233
2023-02-23 00:00:00+00:00,ADP,0.13465345876890686,DRAGONFLY_DOJI,TWEEZER_TOP,0.55,0.275,0.464
2023-03-02 00:00:00+00:00,LLY,3.997965022124477,HAMMER,NONE,1.1,0.131,0.554
2023-03-02 00:00:00+00:00,NEE,4.340325520025265,TWEEZER_BOTTOM,NONE,1.0,0.37,0.36
2023-03-03 00:00:00+00:00,JNJ,-1.548074493024247,BEARISH_MARUBOZU,NONE,1.375,0.264,0.624
2023-03-06 00:00:00+00:00,LLY,4.225558727461284,NONE,NONE,1.1,0.219,0.591
2023-03-14 00:00:00+00:00,LLY,3.3561282753297026,BEARISH_ENGULFING,MORNING_STAR,0.75,0.756,0.069
2023-03-17 00:00:00+00:00,JNJ,1.5467614404405365,NONE,GRAVESTONE_DOJI,1.1,0.27,0.658
2023-03-23 00:00:00+00:00,JNJ,8.885551403332883,NONE,BEARISH_ENGULFING,1.1,0.166,0.365
2023-03-23 00:00:00+00:00,HON,1.9855275183103125,NONE,NONE,1.1,0.178,0.565
2023-03-23 00:00:00+00:00,IBM,5.572274650519795,NONE,NONE,1.1,0.181,0.654
2023-03-24 00:00:00+00:00,JNJ,6.46416576821916,NONE,DOJI,1.0,0.414,0.327
2023-03-27 00:00:00+00:00,IBM,0.892755511411982,NONE,MORNING_STAR,0.6,0.873,0.111
2023-06-26 00:00:00+00:00,ABBV,0.33599141706968183,THREE_BLACK_CROWS,NONE,1.1,0.211,0.343
2023-06-27 00:00:00+00:00,ABBV,1.6254801806520387,NONE,NONE,1.1,0.011,0.681
2023-07-03 00:00:00+00:00,ABBV,1.9115217635316084,NONE,DRAGONFLY_DOJI,1.0,0.465,0.525
2023-07-07 00:00:00+00:00,ABBV,7.167846596488377,SHOOTING_STAR,NONE,1.0,0.568,0.156
2023-09-28 00:00:00+00:00,TXN,-3.8013885305901307,NONE,NONE,1.0,0.296,0.557
2023-10-03 00:00:00+00:00,TXN,-2.279914148541167,BEARISH_MARUBOZU,NONE,1.375,0.127,0.62
2023-10-10 00:00:00+00:00,MCD,1.719899634361846,DARK_CLOUD_COVER,NONE,1.1,0.168,0.788
2023-10-12 00:00:00+00:00,MCD,3.532547400019434,BEARISH_MARUBOZU,NONE,1.5,0.016,0.903
2023-10-18 00:00:00+00:00,MCD,1.977502837282662,BEARISH_MARUBOZU,TWEEZER_BOTTOM,1.25,0.476,0.379
2023-10-18 00:00:00+00:00,NEE,9.33552787324961,NONE,GRAVESTONE_DOJI,1.0,0.449,0.521
2023-10-18 00:00:00+00:00,PEP,1.6893752281858954,EVENING_STAR,NONE,1.0,0.413,0.526
2023-10-19 00:00:00+00:00,NEE,15.1008460430646,NONE,NONE,1.0,0.451,0.455
2023-10-24 00:00:00+00:00,TXN,4.277076604005913,NONE,NONE,1.265,0.073,0.809
2023-10-31 00:00:00+00:00,HD,6.137985742740859,NONE,HAMMER,1.0,0.392,0.566
2023-10-31 00:00:00+00:00,TMO,2.9170299711229273,THREE_BLACK_CROWS,NONE,1.0,0.351,0.632
2023-11-02 00:00:00+00:00,TXN,1.564027414172233,NONE,NONE,1.0,0.556,0.434
2023-11-08 00:00:00+00:00,TMO,5.957596565905541,NONE,NONE,1.0,0.634,0.294
2023-11-08 00:00:00+00:00,TXN,5.241920551067795,BEARISH_MARUBOZU,GRAVESTONE_DOJI,1.25,0.482,0.472
2023-11-09 00:00:00+00:00,TXN,5.603696214556413,BEARISH_ENGULFING,BEARISH_ENGULFING,1.25,0.347,0.532
2023-11-22 00:00:00+00:00,XOM,-5.525267541621794,NONE,MORNING_STAR,0.6,0.406,0.129
2023-11-27 00:00:00+00:00,XOM,-4.526403095272244,NONE,NONE,1.0,0.458,0.526
2023-12-05 00:00:00+00:00,XOM,2.7454587728313014,NONE,BEARISH_MARUBOZU,1.1,0.027,0.691
2023-12-14 00:00:00+00:00,XOM,-0.6745366086699492,MORNING_STAR,NONE,1.0,0.513,0.305
2023-12-18 00:00:00+00:00,XOM,1.0573626890125842,NONE,NONE,1.0,0.561,0.349
2024-04-04 00:00:00+00:00,AAPL,-1.587193909137328,TWEEZER_BOTTOM,NONE,1.1,0.057,0.392
2024-04-17 00:00:00+00:00,AAPL,0.6306513074294211,NONE,GRAVESTONE_DOJI,1.1,0.079,0.214
2024-05-03 00:00:00+00:00,ACN,-0.6323683509369409,NONE,NONE,1.1,0.239,0.525
2024-05-07 00:00:00+00:00,ACN,-2.1929680134376346,NONE,NONE,1.0,0.579,0.286
2024-05-09 00:00:00+00:00,ACN,-0.7751595009009848,NONE,NONE,1.0,0.392,0.518
2024-05-16 00:00:00+00:00,ACN,-9.155272077485181,NONE,DRAGONFLY_DOJI,1.0,0.647,0.092
2024-05-22 00:00:00+00:00,HD,0.5797389522582854,NONE,BEARISH_MARUBOZU,1.1,0.077,0.228
2024-05-24 00:00:00+00:00,ACN,-3.1318935723706933,NONE,SHOOTING_STAR,1.4300000000000002,0.073,0.312
2024-05-28 00:00:00+00:00,ACN,-0.14896227457358613,NONE,NONE,1.1,0.109,0.578
2024-05-30 00:00:00+00:00,ABBV,5.958245857159239,NONE,NONE,1.1,0.211,0.349
2024-05-31 00:00:00+00:00,ACN,-0.11183582401985569,NONE,BEARISH_MARUBOZU,1.1,0.107,0.765
2024-06-03 00:00:00+00:00,ABBV,5.723577504998219,DARK_CLOUD_COVER,NONE,1.0,0.512,0.084
2024-06-03 00:00:00+00:00,ACN,1.0317885053887377,NONE,NONE,1.1,0.091,0.785
2024-06-03 00:00:00+00:00,IBM,2.819492081385499,NONE,NONE,1.1,0.147,0.186
2024-06-04 00:00:00+00:00,ACN,-1.1552272922159124,DOJI,NONE,1.1,0.279,0.62
2024-06-04 00:00:00+00:00,IBM,2.364175051899,NONE,EVENING_STAR,1.1,0.191,0.172
2024-08-09 13:30:00+00:00,QQQ,6.087300521545458,HAMMER,HAMMER,1.0,0.551,0.312
2024-08-16 00:00:00+00:00,MRK,4.09617374184253,NONE,HANGING_MAN,1.1,0.171,0.701
2024-08-30 00:00:00+00:00,GOOGL,-2.4573727976599464,BULLISH_MARUBOZU,BEARISH_ENGULFING,1.0,0.519,0.089
2024-09-03 00:00:00+00:00,GOOGL,1.6356565189465309,NONE,EVENING_STAR,1.1,0.072,0.498
2024-09-09 00:00:00+00:00,MSFT,5.976346936057282,NONE,BEARISH_ENGULFING,1.1,0.189,0.509
2024-09-09 00:00:00+00:00,AMZN,9.006470312802287,NONE,NONE,1.0,0.481,0.166
2024-09-09 00:00:00+00:00,GOOGL,7.36817507568187,NONE,BEARISH_MARUBOZU,1.1,0.07,0.771
2024-09-10 00:00:00+00:00,MSFT,2.9330275813620896,BULLISH_MARUBOZU,BULLISH_ENGULFING,0.6,0.516,0.289
2024-09-10 00:00:00+00:00,GOOGL,7.964444663809845,MORNING_STAR,NONE,1.265,0.068,0.85
2024-11-07 00:00:00+00:00,MRK,-1.8121428951713936,BULLISH_ENGULFING,NONE,1.1,0.227,0.771
2024-11-14 00:00:00+00:00,TMO,-0.2899197002985474,BEARISH_ENGULFING,BEARISH_ENGULFING,1.375,0.035,0.705
2024-11-18 00:00:00+00:00,LLY,13.266426701573211,NONE,NONE,1.265,0.081,0.869
2024-11-21 00:00:00+00:00,TMO,2.6681267092275984,NONE,NONE,1.0,0.296,0.441
2024-11-27 00:00:00+00:00,TMO,0.16272763174357696,NONE,NONE,1.0,0.391,0.597
2024-11-29 00:00:00+00:00,TMO,-0.4234796523532997,INVERTED_HAMMER,BULLISH_ENGULFING,0.6,0.557,0.423
2024-12-13 00:00:00+00:00,NEE,-2.824795859433271,MORNING_STAR,NONE,1.1,0.106,0.561
2024-12-16 00:00:00+00:00,NEE,-0.9669759516929878,NONE,BEARISH_MARUBOZU,1.1,0.005,0.595
2024-12-18 00:00:00+00:00,MRK,0.3725644179693738,BULLISH_MARUBOZU,NONE,1.1,0.012,0.42
2024-12-19 00:00:00+00:00,TMO,3.738084221783728,NONE,NONE,1.1,0.236,0.183
2024-12-20 00:00:00+00:00,LLY,-1.8417190337914664,NONE,NONE,1.1,0.163,0.323
2025-01-03 00:00:00+00:00,JNJ,3.097452930067456,NONE,TWEEZER_TOP,1.0,0.287,0.6
2025-01-07 00:00:00+00:00,JNJ,0.5037346067641159,NONE,TWEEZER_BOTTOM,1.0,0.773,0.111
2025-01-07 00:00:00+00:00,NEE,-1.3030216158629342,NONE,BEARISH_ENGULFING,1.1,0.227,0.667
2025-01-23 00:00:00+00:00,PEP,-2.4090627446962767,NONE,MORNING_STAR,0.6,0.585,0.262
2025-02-13 00:00:00+00:00,INTU,4.783040404061528,BEARISH_ENGULFING,NONE,1.25,0.333,0.396
2025-02-20 00:00:00+00:00,MRK,6.513167195083843,TWEEZER_BOTTOM,PIERCING_LINE,1.0,0.347,0.614
2025-02-21 00:00:00+00:00,INTU,7.533006846878703,NONE,THREE_BLACK_CROWS,1.1,0.085,0.794
2025-03-14 00:00:00+00:00,MSFT,-2.223464382026188,NONE,NONE,1.0,0.359,0.615
2025-03-20 00:00:00+00:00,MSFT,-2.8647749656283814,BEARISH_ENGULFING,NONE,1.25,0.393,0.231
2025-03-21 00:00:00+00:00,MSFT,-9.121889826166097,BEARISH_ENGULFING,NONE,1.25,0.569,0.3
2025-04-01 00:00:00+00:00,GOOGL,0.5073356839704091,NONE,NONE,1.0,0.321,0.476
2025-04-03 00:00:00+00:00,MSFT,0.5849874965571394,NONE,NONE,1.1,0.202,0.229
2025-04-03 00:00:00+00:00,AMZN,2.521920915615839,NONE,BEARISH_MARUBOZU,1.1,0.051,0.649
2025-04-03 00:00:00+00:00,GOOGL,1.7371197445190185,TWEEZER_TOP,BEARISH_MARUBOZU,1.1,0.016,0.62
2025-04-03 00:00:00+00:00,TMO,-7.901903627300208,NONE,BEARISH_MARUBOZU,1.1,0.032,0.682
2025-04-04 00:00:00+00:00,AMZN,1.8982646167282378,NONE,NONE,1.1,0.124,0.691
2025-04-04 00:00:00+00:00,ACN,-0.04571686203554885,NONE,NONE,1.265,0.011,0.829
2025-04-08 00:00:00+00:00,MSFT,4.708952388070741,TWEEZER_BOTTOM,NONE,1.1,0.189,0.601
2025-04-08 00:00:00+00:00,AMZN,3.559802647902901,THREE_BLACK_CROWS,NONE,1.1,0.207,0.507
2025-04-08 00:00:00+00:00,META,0.4677258184819096,THREE_BLACK_CROWS,NONE,1.1,0.188,0.486
2025-04-08 00:00:00+00:00,HD,7.493676692100844,NONE,NONE,1.1,0.129,0.394
2025-04-08 00:00:00+00:00,WMT,12.902456125481734,NONE,NONE,1.1,0.191,0.38
2025-04-11 00:00:00+00:00,MSFT,-0.7872970516175838,NONE,BULLISH_ENGULFING,0.6,0.847,0.135
2025-04-11 00:00:00+00:00,AMZN,0.020782122863240146,HANGING_MAN,PIERCING_LINE,1.0,0.524,0.337
2025-04-11 00:00:00+00:00,GOOGL,0.1209332115679088,NONE,BULLISH_ENGULFING,0.6,0.552,0.33
2025-04-11 00:00:00+00:00,META,-1.6774540332466288,NONE,PIERCING_LINE,1.0,0.406,0.47
2025-04-11 00:00:00+00:00,ACN,0.9181513818196411,NONE,NONE,1.1,0.25,0.52
2025-04-11 00:00:00+00:00,TMO,-6.136104179340139,NONE,NONE,1.1,0.242,0.707
2025-05-05 00:00:00+00:00,TMO,-1.718135595280572,NONE,DOJI,1.1,0.149,0.557
2025-05-09 00:00:00+00:00,MRK,1.4595128155800683,TWEEZER_BOTTOM,EVENING_STAR,1.1,0.015,0.211
2025-05-12 00:00:00+00:00,PEP,0.008365624875887963,TWEEZER_TOP,NONE,1.1,0.114,0.745
2025-05-15 00:00:00+00:00,MRK,2.2216369634172835,TWEEZER_BOTTOM,NONE,1.1,0.119,0.429
2025-05-20 00:00:00+00:00,PEP,-0.18487126252102065,NONE,BULLISH_ENGULFING,0.6,0.473,0.461
2025-05-20 00:00:00+00:00,TMO,-1.7500293227616264,NONE,NONE,1.0,0.523,0.312
2025-05-23 00:00:00+00:00,PEP,0.8234005740977848,DOJI,BEARISH_ENGULFING,1.1,0.253,0.747
2025-06-04 00:00:00+00:00,TMO,-3.1096651547615752,NONE,TWEEZER_BOTTOM,1.0,0.329,0.657
2025-06-06 00:00:00+00:00,PEP,-0.6824379711809679,NONE,NONE,1.0,0.743,0.127
2025-06-09 00:00:00+00:00,PEP,0.4476380986532927,HAMMER,MORNING_STAR,0.6,0.729,0.149
2025-06-10 00:00:00+00:00,UNH,0.18081624290830375,HANGING_MAN,DRAGONFLY_DOJI,1.0,0.413,0.482
2025-06-18 00:00:00+00:00,PEP,4.393824251924698,TWEEZER_TOP,EVENING_STAR,1.1,0.26,0.069
2025-06-18 00:00:00+00:00,TMO,9.06942439244201,NONE,NONE,1.1,0.184,0.261
2025-08-04 00:00:00+00:00,ACN,-2.966354413432747,BEARISH_ENGULFING,NONE,1.375,0.124,0.605
2025-08-05 00:00:00+00:00,ACN,3.1320953753253846,BEARISH_MARUBOZU,BEARISH_MARUBOZU,1.375,0.029,0.656
2025-08-06 00:00:00+00:00,ACN,2.2855363133931306,NONE,NONE,1.1,0.075,0.707
2025-08-07 00:00:00+00:00,ACN,4.458588179868887,NONE,BEARISH_MARUBOZU,1.265,0.037,0.811
2025-08-14 00:00:00+00:00,ACN,4.089298740241819,NONE,NONE,1.1,0.199,0.748
2025-08-18 00:00:00+00:00,ACN,1.9574020542819623,NONE,TWEEZER_BOTTOM,1.0,0.295,0.67
2025-08-26 00:00:00+00:00,IBM,5.596349956717268,NONE,NONE,1.0,0.465,0.362
2025-08-28 00:00:00+00:00,IBM,3.190498742515741,NONE,MORNING_STAR,0.6,0.767,0.195
2025-09-26 00:00:00+00:00,HON,-4.541762175788587,NONE,NONE,1.1,0.1,0.748
2025-10-30 00:00:00+00:00,TXN,2.172817197876026,NONE,BEARISH_MARUBOZU,1.265,0.031,0.868
2025-10-31 00:00:00+00:00,TXN,-2.0580516944798677,NONE,NONE,1.1,0.163,0.439
2025-11-06 00:00:00+00:00,ADP,-1.9973550968982858,NONE,NONE,1.1,0.071,0.759
2025-11-07 00:00:00+00:00,ADP,-0.2518187877655137,THREE_BLACK_CROWS,NONE,1.1,0.119,0.728
2025-11-13 00:00:00+00:00,ADP,0.09409934208602865,TWEEZER_BOTTOM,NONE,1.265,0.148,0.831
2025-11-13 00:00:00+00:00,TXN,4.672869505603759,NONE,NONE,1.0,0.34,0.651
2025-11-14 00:00:00+00:00,ADP,1.0701923839332619,THREE_BLACK_CROWS,DOJI,1.265,0.103,0.838
2025-11-21 00:00:00+00:00,META,11.017316689590892,BEARISH_ENGULFING,NONE,1.375,0.166,0.791
2025-11-21 00:00:00+00:00,TXN,13.021806489748391,NONE,NONE,1.0,0.517,0.228
2025-12-23 00:00:00+00:00,HD,4.288004185540469,NONE,SHOOTING_STAR,1.4300000000000002,0.124,0.298
2026-02-12 00:00:00+00:00,MSFT,-2.8535636297828058,NONE,TWEEZER_BOTTOM,1.1,0.104,0.547
2026-02-17 00:00:00+00:00,MSFT,1.5292517610425587,PIERCING_LINE,NONE,1.265,0.05,0.841
2026-02-27 00:00:00+00:00,MSFT,0.4148099461110415,THREE_BLACK_CROWS,NONE,1.1,0.269,0.135
2026-03-02 00:00:00+00:00,MSFT,1.3704456755253778,NONE,BULLISH_ENGULFING,0.6,0.411,0.131
2026-03-04 00:00:00+00:00,ADP,-3.7178971457307135,NONE,NONE,1.0,0.609,0.367
2026-03-10 00:00:00+00:00,MA,-2.9958886563021823,NONE,TWEEZER_TOP,1.0,0.606,0.191
2026-03-18 00:00:00+00:00,AMZN,1.544609609556024,BULLISH_ENGULFING,DOJI,1.0,0.411,0.048
2026-03-18 00:00:00+00:00,ADP,-4.728549602340885,THREE_BLACK_CROWS,NONE,1.1,0.144,0.248
2026-03-18 00:00:00+00:00,TMO,6.931037307646003,NONE,BEARISH_MARUBOZU,1.265,0.045,0.866
2026-03-20 00:00:00+00:00,MSFT,-3.010248087284303,NONE,NONE,1.1,0.053,0.334
2026-03-24 00:00:00+00:00,ACN,-1.2768245777551226,NONE,THREE_BLACK_CROWS,1.1,0.207,0.578
2026-03-24 00:00:00+00:00,IBM,-1.0960689573713571,NONE,NONE,1.1,0.116,0.231
2026-03-24 00:00:00+00:00,TMO,1.2775841202783558,TWEEZER_TOP,NONE,1.0,0.518,0.311
2026-03-25 00:00:00+00:00,ADP,-3.2749892478757996,NONE,NONE,1.1,0.135,0.522
2026-03-30 00:00:00+00:00,UNH,19.044281227885982,NONE,NONE,1.1,0.176,0.775
2026-03-31 00:00:00+00:00,UNH,14.339702354714841,NONE,HANGING_MAN,1.0,0.443,0.357
2026-04-06 00:00:00+00:00,GOOGL,11.168584976748672,PIERCING_LINE,NONE,1.0,0.691,0.108
2026-04-09 00:00:00+00:00,ADP,0.8898273183781786,NONE,NONE,1.1,0.075,0.745
2026-04-15 00:00:00+00:00,ADP,8.503817895893533,SHOOTING_STAR,HANGING_MAN,1.0,0.411,0.438
