time,open,high,low,close,Volume,Volume MA,SPY · NYSE Arca: close
914250600,23.21899,24.01562,23.21899,24,2900,,122.6875
914855400,24,24.5625,24,24.5625,44700,,123.3125
915460200,24.59375,25.32812,24.21875,25.21875,46000,,127.75
916065000,25.15625,25.15625,23.95312,24.35937,19400,,124.375
916669800,24.57812,24.57812,23.53125,23.53125,23000,,122.5625
917274600,23.64062,24.40625,23.60937,24.29687,116200,,127.65625
917879400,24.5,24.5,23.85937,24.32812,53600,,124.0625
918484200,24.5,24.5,24.04687,24.35937,18500,,123.625
919089000,24.51562,24.75,24.26562,24.64062,16300,,124.25
919693800,24.65625,25.17187,24.28125,24.51562,23700,,123.5625
920298600,24.46875,25.17187,24.10937,25.17187,85300,,127.54687
920903400,25.26562,25.70312,25.1875,25.5,10300,,129.375
921508200,25.48437,25.57812,25.10937,25.34375,21600,,129.6875
922113000,25.23437,25.57812,24.4375,24.82812,29200,,128.5625
922717800,25.125,25.25,24.9375,25.20312,31700,,129.34375
923319000,25.39062,25.84375,25.375,25.8125,60800,,134.875
923923800,25.8125,28.1875,25.78125,28.07812,273100,,131.53125
924528600,28.39062,29.3125,27.84375,28.45312,619200,,135.8125
925133400,28.54687,29.21875,28.39062,28.6875,401500,,133.25
925738200,28.57812,30,28.57812,30,657900,127745,135
926343000,29.75,30.14062,29.03125,29.125,226000,138900,133.78125
926947800,29.07812,29.39062,28.34375,28.85937,216400,147485,133.34375
927552600,28.92187,29.20312,27.65625,28.125,831400,186755,130.20312
928157400,28.125,29.10937,27.89062,29.10937,57100,188640,133.21875
928762200,29.35937,29.42187,28.67187,28.76562,92700,192125,129.8125
929367000,29,30.03125,29,30.03125,214000,197015,134.3125
929971800,30,30,28.98437,29.09375,103700,199520,131.70312
930576600,29.26562,30.01562,29.14062,29.96875,59300,201560,139.40625
931181400,29.78125,30.15625,29.54687,29.92187,138200,207655,140.5
931786200,29.95312,30.0625,29.40625,29.95312,136600,213300,141.8125
932391000,30.1875,30.625,29.625,29.65625,153200,216695,135.75
932995800,29.53125,29.82812,28.71875,28.71875,57900,219075,132.75
933600600,28.90625,29.03125,28.29687,28.48437,71200,221555,130.375
934205400,28.48437,29.04687,28.07812,29.01562,120400,226115,133.15625
934810200,29.07812,29.53125,28.6875,29.17187,53800,227220,133.90625
935415000,29.5,30.23437,29.5,29.64062,103500,229355,135.0625
936019800,29.51562,29.51562,28.67187,29.48437,38500,217625,135.96875
936624600,29.48437,30.04687,29.48437,29.60937,43500,188840,135.875
937229400,29.35937,29.4375,28.76562,29.32812,50900,171310,133.75
937834200,29.3125,29.39062,27.90625,28.04687,169200,146875,127.75
938439000,28.125,28.75,27.71875,28.35937,324600,151805,128.46875
939043800,28.54687,29.51562,28.54687,29.39062,165500,149260,133.875
939648600,29.25,29.48437,27.14062,27.34375,68100,111095,124.875
940253400,27.14062,27.65625,26.48437,27.48437,691900,142835,130.09375
940858200,27.39062,28.35937,27.0625,28.125,88100,142605,137
941466600,28.01562,28.03125,27.35937,27.625,143600,139085,137.875
942071400,27.48437,27.90625,27.45312,27.875,79600,137880,139.75
942676200,28,29.0625,28,28.625,76000,138715,142.49609
943281000,28.20312,28.5,28.0625,28.09375,71000,135355,141.375
943885800,27.60937,28.34375,27.48437,28.10937,530100,155030,143.84375
944490600,28.03125,28.07812,27.14062,27.73437,285600,161650,141.875
945095400,27.71875,28.53125,27.59375,28.53125,856300,201570,142.6875
945700200,28.3125,28.45312,27.48437,28.3125,1642800,280150,146.48437
946305000,28.875,29.60937,28.42187,29.60937,1125900,330425,146.875
946909800,29.48437,29.48437,27.71875,29.375,445800,350025,145.75
947514600,29.53125,29.625,28.65625,29,467600,368230,146.96875
948205800,28.78125,29.09375,28.32812,28.32812,241700,378390,144.4375
948724200,28.51562,28.54687,26.26562,27,408300,396630,135.875
949329000,26.85937,27.29687,26.75,27.10937,194000,403785,142.59375
949933800,26.9375,27.09375,25.32812,25.46875,337400,412195,138.6875
950538600,25.5,26.57812,25.45312,25.79687,235200,407725,135.3125
951229800,26.25,26.39062,25.29687,25.32812,156200,407260,133.32812
951748200,25.42187,26.60937,25,26.34375,3343600,571035,141.125
952353000,26.25,26.48437,25,25.78125,837700,578325,140.1875
952957800,25.17187,28.125,24.90625,27.59375,561900,602015,146.9375
953562600,27.85937,29.375,27.4375,29.04687,235300,606600,153.5625
954167400,29.07812,29.51562,28.5625,29.20312,57100,605475,150.375
954768600,29.3125,29.875,27.875,29.57812,427300,623040,151.4375
955373400,29.625,30.125,27.59375,27.59375,1102900,674635,138.375
955978200,27.92187,28.71875,27.6875,28.71875,47500,650505,143.8125
956583000,28.5,30.4375,28.5,29.625,553400,663895,145.09375
957187800,29.73437,30.3125,28.82812,29.5625,278700,635015,143.53125
957792600,29.70312,30.09375,28.75,30.09375,22800,554015,142.8125
958397400,30,31.0625,29.6875,29.6875,29500,499195,141.125
959002200,29,29.75,28.67187,28.78125,70700,480440,138
959693400,29.0625,30.07812,28.90625,29.95312,247500,469435,147.84375
960211800,30.1875,30.1875,28.96875,29.1875,257100,470205,146.59375
960816600,29.25,29.64062,28.95312,28.98437,289400,464260,146.59375
961421400,28.9375,28.9375,27.29687,27.59375,318100,470465,144.375
962026200,28,28.73437,27.78125,28.28125,254600,466325,145.28125
962631000,28.40625,29,28.1875,28.46875,243300,466730,148.09375
963235800,28.23437,29.6875,28.15625,29.6875,135300,465685,151.25
963840600,29.79687,30.15625,29.42187,30,49400,300975,147.6875
964445400,29.9375,30.03125,28.28125,28.28125,61500,262165,142.09375
965050200,28.5625,29.25,28.5625,29.21875,181200,243130,146.375
965655000,29.20312,31.0625,29.20312,30.875,82800,235505,147.32812
966259800,31,31.21875,30.59375,30.71875,144000,239850,149.6875
966864600,30.84375,31.5625,30.84375,31.40625,277800,232375,151.25
967469400,31.71875,31.9375,31.15625,31.84375,158300,185145,152.375
968160600,31.71875,32.1875,31.25,31.4375,556400,210590,149.8125
968679000,31.65625,31.84375,30.375,30.375,428200,204330,146.09375
969283800,30.3125,30.625,29.34375,29.71875,76400,194215,145.28125
969888600,30.25,30.84375,30.21875,30.5625,109100,198530,143.625
970493400,30.28125,31.15625,30.125,30.25,48300,199470,141.0625
971098200,30.1875,30.4375,28.59375,29.71875,47800,198325,137.5625
971703000,29.90625,30.25,28.60937,29.4375,50200,188460,139.90625
972307800,29.8125,30.4375,29,29.82812,617300,206470,139.28125
972916200,30,31.46875,30,30.96875,13000,192650,142.78125
973521000,31.09375,31.53125,30.65625,30.65625,80200,180755,136.625
974125800,30,31.28125,29.60937,30.78125,26600,169355,136.64062
974730600,30.78125,30.78125,30.03125,30.71875,10000,157690,134.84375
975335400,31.0625,31.0625,29.84375,30.45312,1072100,204530,132.21875
975940200,30.84375,32.42187,30.8125,32.23437,105800,207350,133.96875
976545000,32.28125,32.65625,29.9375,30.25,48200,206685,130.96875
977149800,30.6875,30.90625,29.03125,30.15625,75000,201375,130.9375
977841000,30.3125,31.78125,30,31.25,70600,200765,131.1875
978445800,31.21875,31.625,29.1875,30.5,408000,213965,129.1875
978964200,30.23437,31.15625,29.78125,30.90625,466000,223375,132
979655400,30.96875,31.6875,30.71875,31.03125,59100,218415,134.01562
980173800,30.84375,31.40625,30.57812,30.67187,241800,202685,135.875
980778600,30.91,31.58,30.45,30.86,125900,187570,134.8
981383400,30.91,31.28,30.10001,30.12,61100,186805,131.84
981988200,30.22,31.12,30.02,30.08,523600,207530,130.39999
982679400,30.3,30.49001,28.89,29.5,107100,210470,124.96001
983197800,29.60001,30.25,29,29.45,264400,221300,123.61
983802600,29.60001,30.85001,29.60001,30.14999,93300,223455,123.36
984407400,29.55,29.55,27.00999,27.00999,253900,205285,115.00999
985012200,27.03,27.78,24.5,26.09,128300,211050,114.48
985617000,26.5,27.13,26,26.59,70900,210585,116.69
986218200,26.59,26.92999,25.24001,26.36,108400,214675,113.3
986823000,26.84,28.14999,26.53,27.85001,115300,219940,118.85001
987427800,27.73,29.75999,27.64,29.38,46700,168670,124.5
988032600,29.38,29.99001,28.60001,29.94,83100,167535,125.78
988637400,30.17,30.24001,29.32001,29.92,122500,171250,127.34
989242200,29.89999,30.60001,29.7,30.09,71200,171060,125.14999
989847000,30.23,31.99001,29.95,31.95,85500,171805,129.74001
990451800,31.95,32.47,31,31.16,196600,161235,128.10001
991143000,31.39999,31.39999,30.39,30.78,104700,143170,126.73
991661400,30.89999,31.49001,30.61,30.71001,170600,148745,127
992266200,30.41,30.71001,29.58,29.85001,119300,142620,121.85001
992871000,29.75,30.28999,29.49001,29.5,172300,144940,122.85001
993475800,29.73,29.78999,28.81,28.89999,306300,157200,122.60001
994080600,28.95,29.53,28.67999,28.73,178200,139930,119.05
994685400,28.89999,29.03999,27.82001,29,74900,138320,122.24001
995290200,29.2,29.5,28.33,29.25,76200,128910,121.34
995895000,29.00999,29.25,27.97,28.89999,245900,136540,120.81
996499800,28.99001,29.28,28.64999,29.17999,87700,128230,121.94
997104600,29,29.03999,28.27,29.03999,74400,125535,119.28999
997709400,29.10001,29.74001,27.33,28.37,173900,130685,116.75
998314200,28.62,28.87,28.17,28.87,101800,130355,119.02
998919000,28.89999,28.97,27.44,27.85001,162300,132705,114.14999
999610200,27.72,28.25999,26.45,26.5,155100,138125,108.72
1000128600,26.5,26.58,26.24001,26.45,8400,134390,110.05
1000733400,26.14999,26.14999,20.39999,21.67999,415700,149050,97.28
1001338200,22.55,23.74001,22.45,23.67,206200,155800,104.44
1001943000,23.7,24.78999,23.17,24.50999,93500,156200,107.23
1002547800,24.39,25.39999,23.95,25.06,126000,152670,109.5
1003152600,25.06,25.44,24.19,24.34,316200,163245,107.35001
1003757400,24.45,25.75,24.45,25.7,54700,157450,110.32001
1004365800,25.25,25.35001,23.8,24.97,107100,156840,109.25
1004970600,25.22,26.17999,25.14999,25.82001,153700,155910,112.72
1005575400,25.8,26.75,25.00999,26.62,186300,149910,114.36
1006180200,26.95,26.95,26.35001,26.87,237800,152890,115.67999
1006785000,26.89999,27.25,26.36,26.5,563800,177335,114.05
1007389800,26.37,27.60001,26.05,27.19,201900,183620,116.56
1007994600,27.19,27.19,26.25,26.32001,134600,178055,113.13
1008599400,26.7,27.77,26.64,27.77,5036200,425480,114.95
1009204200,27.64999,28.12,27.57001,28.05,1588500,501185,116
1009809000,27.89999,28.08,27.3,27.7,4061200,695550,117.62
1010413800,27.94,27.99001,26.56,26.56,2081100,794515,114.94
1011018600,26.75,26.75,25.32001,25.67999,506700,811735,113.14999
1011709800,26.35001,26.35001,25.25999,26.28999,118300,809895,113.55
1012228200,26.39999,26.39999,24.35001,25.75,867700,852860,112.64999
1012833000,25.2,25.28,24.12,24.89,6493600,1156755,110.09
1013437800,25,25.75,25,25.39,105100,1151700,110.89
1014129000,25.10001,26.09,25.10001,25.84,202100,1157130,109.64
1014647400,25.99001,27.25,25.99001,27.22,3065200,1304090,113.74001
1015252200,27.55,28.7,27.44,28.49001,1227100,1349635,116.99001
1015857000,28.39999,28.78,27.92,28.07001,756700,1384735,116.64999
1016461800,28.3,28.39,26.98,27.23,732100,1415985,115.03999
1017066600,27.44,27.48,26.75,27.24001,430000,1429800,114.52
1017671400,26.98,27.28999,26.41,26.92999,748400,1457905,112.69
1018272600,26.75999,27.75,26.7,26.82001,605200,1476275,111.42
1018877400,26.71001,27.10001,26.2,26.47,1161000,1506135,112.88
1019482200,26.35001,26.44,25.09,25.21001,1389100,1565495,107.39
1020087000,25.34,25.63,24.64999,25.53999,757600,1596645,107.58
1020691800,25.49001,25.89,24.77,25.05,814400,1385555,105.72
1021296600,25.05,26.3,24.98,26.25999,611200,1336690,110.89999
1021901400,26.22,26.35001,25.52,25.95,484600,1157860,108.69
1022592600,26.05,26.05,25.10001,25.47,370700,1072340,107.22
1023111000,25.60001,25.60001,23.58,24.13,385700,1066290,103.34
1023715800,24.06,24.59,23.58,23.84,209500,1070850,101.39999
1024320600,23.96001,24.99001,23.67999,23.69,501000,1052515,99.28
1024925400,23.82001,24.25999,22.7,23.85001,718400,763755,98.96001
1025530200,23.97,24.00999,22.39999,23.94,274700,772235,99.31
1026135000,24,24,21.75,22.35001,704900,797375,91.85001
1026739800,22.08,22.25,20.48,20.67999,253900,656810,84.71001
1027344600,20.55,21.06,19.10001,20.97,435400,617225,85.60001
1027949400,21,22.67999,21,21.2,341700,596475,86.78999
1028554200,21.2,22.56,20.5,22.53,394000,579570,91.28999
1029159000,22.39999,22.62,21.16,22.38,176600,566900,93.22
1029763800,22.5,23.34,22.45,22.66,157300,537345,94.60001
1030368600,22.86,23.28,21.8,22.14999,170300,515600,91.78
1031059800,21.75999,21.75999,21,21.48,266300,470865,90
1031578200,21.32001,22.22,20.89999,21.08,216800,412250,89.67
1032183000,20.89999,22.06,20.14999,20.41,665800,407660,84.35001
1032787800,20.2,20.60001,19.64,19.71001,873400,410610,82.75
1033392600,19.60001,20.37,18.85001,19,519100,406005,80.8
1033997400,19.05,19.74001,17.75,19.48,1077800,435665,84.16
1034602200,19.60001,20.64999,19.3,20.39999,1644900,499375,88.64
1035207000,20.39999,21.08,20.2,20.75999,824900,521335,90.2
1035815400,21.05,21.05,19.92999,20.75,687300,545225,90.27
1036420200,20.95,21.39999,20.5,20.59,461300,543240,89.64999
1037025000,20.5,21.24001,19.97,20.45,489300,531785,91.39999
1037629800,20.75,21.48,20.10001,21.38,228600,529480,93.42
1038234600,21.28,21.75,20.95,21.55,1027300,545600,93.98
1038839400,21.85001,22.09,20.74001,21.03,1196600,592735,92.03
1039444200,20.89999,21.12,20.46001,20.53999,1271700,634550,89.34
1040049000,20.61,21.09,20.47,20.82001,643600,649645,89.99001
1040653800,20.57001,21.06,20.28999,20.28999,394300,649660,87.38
1041258600,20.7,21.25999,20.16,21.19,837000,682680,91.35001
1041863400,21.3,21.56,20.82001,21.23,458100,697720,93.06
1042468200,21.3,21.35001,20.5,20.66,724500,725430,90.66
1043159400,20.60001,20.8,19.46001,19.50999,371800,730705,86.38
1043677800,19.35001,19.8,19.14999,19.48,475900,743660,86.06
1044282600,19.67999,19.77,19.02,19.14999,372700,729005,83.42
1044887400,19.3,19.37,18.35001,19,405200,705595,84.14999
1045578600,19.25,19.5,19,19.5,436100,701445,85.17999
1046097000,19.39999,19.39999,18.60001,19.17999,840800,689595,84.89999
1046701800,19.39,19.39999,18.35001,18.83,2931000,753900,83.32001
1047306600,18.89999,19.10001,17.85001,19.05,1706700,797990,84.13
1047911400,18.64999,20.58,18.64999,20.58,2530700,890160,89.67
1048516200,19.85001,20.08,19.42,19.62,2317800,982985,86.71001
1049121000,19.2,20.35001,19.10001,20.05,960400,1006540,88.22
1049722200,20.55,20.67,19.7,19.94,1041700,1047195,87.14999
1050327000,20.12,20.55,19.92,20.5,1125600,1052110,89.56
1050931800,20.49001,21.13,20.25,20.74001,369500,1010755,90.23
1051536600,20.74001,21.49001,20.74001,21.37,975700,995955,93.21001
1052141400,21.3,21.56,20.95,21.45,455000,986525,93.73
1052746200,21.19,21.72,21.19,21.60001,702000,1001910,94.87
1053351000,21.60001,21.60001,20.85001,21.28,2265300,1073325,93.75999
1054042200,21.35001,22.17999,21.12,21.98,1953000,1148070,96.95
1054560600,22.2,23.07001,22.03999,22.77,1885800,1206135,99.25999
1055165400,22.77,23.28999,22.25,22.85001,798300,1227460,99.56
1055770200,22.7,23.59,22.7,22.92,1823900,1294860,99.44
1056375000,23,23,22.25,22.35001,697400,1311095,97.66
1056979800,22.25,22.62,21.53,22.48,511400,1316405,98.74001
1057584600,22.78999,22.95,22.37,22.63,1322600,1360730,100.24001
1058189400,22.8,22.99001,21.31,22.60001,6102099,1623794.95,99.50999
1058794200,22.8,23.22,22.47,23.22,1597600,1557124.95,100.23
1059399000,23.39999,23.45,22.81,22.95,2990600,1621319.95,98.50999
1060003800,23.10001,23.14999,22.38,22.74001,2414000,1615484.95,98.28
1060608600,22.89999,23.55,22.69,23.55,1268000,1562994.95,99.62
1061213400,23.60001,24.39999,23.45,23.95,5034100,1766679.95,99.77
1061818200,23.75,24.13,23.53,24.03,1869000,1808044.95,101.44
1062509400,24.39999,24.64,23.97,24.28999,4101200,1956824.95,102.83
1063027800,24.5,24.55,23.75,24.06,4062900,2141494.95,102.45
1063632600,24.25,24.67,23.91,24.39999,1410300,2163224.95,103.67
1064237400,24.2,24.35001,23.22,23.27,1183300,2199639.95,99.95
1064842200,23.45,24.35001,23.05,24.10001,1272000,2228139.95,103.39
1065447000,24.24001,24.5,23.89999,24.14,639900,2146869.95,104.57001
1066051800,24.38,24.66,24,24.24001,1199700,2109204.95,104.25999
1066656600,24.35001,24.45,23.75,24.05,889400,2059384.95,103.58
1067265000,24,24.88,24,24.73,1165200,2077729.95,105.3
1067869800,24.88,25.14999,24.73,24.94,677860,2020427.95,105.61
1068474600,25.10001,25.12,24.59,24.82001,3426700,2156892.95,105.46001
1069079400,24.60001,24.98,24.45,24.69,820100,2172327.95,104.21001
1069684200,24.78999,25.3,24.78,25.22,578300,2135112.95,106.45
1070289000,25.39999,25.89,25.3,25.45,1968900,1928453,106.85001
1070893800,25.60001,26.11,25.46001,26.07001,2747000,1985923,108.14
1071498600,26.42,26.64999,25.96001,26.48,2265900,1949688,108.89999
1072103400,26.55,27,26.41,26.55,1497700,1903873,109.7
1072708200,26.75,27.05,26.63,26.74001,1112300,1896088,111.23
1073313000,27.05,27.25,26.75999,26.89999,3807000,1834733,112.39
1073917800,26.83,27.8,26.73,27.8,2863900,1884478,114.23
1074609000,27.85001,27.95,27.24001,27.42,1828800,1770858,114.42999
1075127400,27.3,27.85001,26.81,27.03,3690100,1752218,113.48
1075732200,26.83,27.89999,25.84,27.12,2137600,1788583,114.45
1076337000,27.2,27.5,26.89999,27.17999,3575700,1908203,115.13
1077028200,27.34,27.49001,26.85001,26.99001,1870800,1938143,114.88
1077546600,27.14999,27.14999,26.64,26.83,3057300,2059013,115.02
1078151400,26.86,27.14,26.74001,27.03,1803600,2089208,116.38
1078756200,26.83,27.02,25.16,25.95,7797100,2434593,112.58
1079361000,25.94,26.34,25.55,25.85001,4221900,2587428,111.06
1079965800,25.64,26.14999,25.28,25.99001,2915000,2699285,111.03
1080570600,26.39999,27,26.17,26.86,3761100,2716005,114.64
1081171800,26.99001,27.39999,26.86,26.95,1668800,2758440,114.37
1081776600,27.13,27.42,26.58,27.10001,2767500,2867900,113.83
1082381400,26.89999,27.44,26.41,27.32001,5012400,3020075,114.36
1082986200,27.31,27.45,26.39999,26.39999,3297700,3047610,110.96001
1083591000,26.35001,26.99001,26.22,26.22,2768700,3072750,109.96001
1084195800,26.00999,26.28999,25.66,26.17,3880600,3191895,110.03999
1084800600,25.85001,26.53999,25.77,26.22,1562500,3214405,109.81
1085405400,26.45,27.22,26.05,27.05,1999100,3124010,112.86
1086096600,26.89999,27.34,26.85001,27.25,1184400,3040035,112.98
1086615000,27.44,27.89999,27.37,27.73,2878000,3092495,114.35001
1087219800,27.64999,28.11,27.49001,28.02,3479500,3081965,113.63
1087824600,28.10001,28.78,27.87,28.47,3928700,3171520,113.84
1088429400,28.60001,28.78,27.92,27.99001,4286200,3207045,112.88
1089120600,28.05,28.08,27.75,28.05,2083900,3217700,111.73
1089639000,28.05,28.48,27.8,28.13,4340700,3281870,110.71001
1090243800,28.05,28.39,27.36,27.50999,4329100,3408145,108.96001
1090848600,27.7,28.02,27.25999,27.86,3714500,3204015,110.84
1091453400,27.75999,28.05,26.67,26.71001,4923400,3239090,106.85001
1092058200,26.55,27.22,26.55,26.74001,4742200,3330450,107.19
1092663000,26.7,27.64999,26.7,27.59,2588600,3271825,110.48
1093267800,27.85001,27.97,27.5,27.89999,1548200,3265795,111.45
1093872600,27.67,28.39,27.55,28.19,2584300,3256635,112.12
1094563800,28.39,28.5,28.05,28.36,2141400,3113085,113.06
1095082200,28.5,28.64,28.14999,28.59,3515700,3123985,113.14999
1095687000,28.60001,28.64,27.7,27.98,1378900,3054495,111.46001
1096291800,27.82001,28.78999,27.60001,28.78,5851900,3153060,113.64999
1096896600,28.92,29,28.24001,28.37,2734700,3211670,112.50999
1097501400,28.42,28.58,27.5,28.14,5102800,3366855,111.25999
1098106200,27.88,28.39,27.7,27.78,5068400,3561055,109.99001
1098711000,27.69,28.7,27.58,28.67,4021200,3618215,113.2
1099319400,28.73,29.94,28.59,29.82001,3650800,3626780,117.28
1099924200,29.95,30.60001,29.73,30.56,4604100,3660550,118.78999
1100529000,30.41,30.89,30.28999,30.36,4705500,3681515,117.42
1101133800,30.14999,30.64999,30.10001,30.52,768200,3615730,118.35001
1101738600,30.3,31.03,30.17999,30.89,1600000,3478695,119.25
1102343400,30.72,30.92999,30.34,30.85001,2826400,3403560,119.33
1102948200,30.95,31.35001,30.5,30.92,5014500,3468560,119.44
1103553000,31.05,31.35001,30.85001,31.25,1427400,3293760,120.77
1104157800,31.45,31.45,31.05,31.07001,804000,3096850,120.87
1104762600,31.25,31.28999,30.10001,30.17,3972100,3166025,118.44
1105367400,30.25,30.38,29.8,30.09,2181100,3197670,118.24001
1106058600,29.7,30.22,29.49001,29.50999,2520900,3194500,116.78
1106577000,29.55,29.98,29.39,29.81,2526100,3213735,117.42999
1107181800,29.78999,30.46001,29.78999,30.45,2850800,3180490,120.23
1107786600,30.3,30.72,30.25,30.62,1579100,3190500,120.77
1108391400,30.78,30.85001,30.39999,30.5,1725800,2984195,120.39
1109082600,30.24001,30.75,29.81,30.73,2761200,2985520,121.42999
1109601000,30.7,31.34,30.39101,31.24001,2355600,2848160,122.73
1110205800,31.39999,31.5,30.92999,31.02,2489800,2719230,120.39
1110810600,30.95,31.35001,30.44,30.58,4452600,2740800,118.53999
1111415400,30.69,30.91,30.3,30.47,2479000,2682210,117.14
1112020200,30.55,30.64999,29.89999,30.14,4224300,2663220,117.42999
1112621400,30.11,30.53999,29.92,30.21001,2182500,2537070,118
1113226200,30.49001,30.57001,28.95,28.95,4035000,2700410,114.14999
1113831000,28.89999,29.8,28.8,29.28999,4734900,2857155,115.57001
1114435800,29.56,29.7,28.89999,29.32001,6340600,3032865,115.75
1115040600,29.49001,29.7,29.14,29.58,3786700,2971475,117.09
1115645400,29.41,29.89999,28.96001,29.17,8288600,3314535,115.72
1116250200,29.10001,30.33,29.10001,30.25999,9919500,3770310,119.12
1116855000,30.10001,30.78,30.05,30.33,6512200,3897315,120.25
1117546200,30.22,30.44,30.13,30.22,1209200,3848720,120.14999
1118064600,30.21001,30.63,29.99001,30.14999,3043000,3874825,120.2
1118669400,30.17,30.48,29.94,30.36,3255100,3911275,121.36
1119274200,30.17,30.36,29.12,29.28999,5688900,4053180,118.98
1119879000,29.34,29.8,29.13,29.48,4577900,4203120,119.53
1120570200,29.49001,29.82001,28.83,29.82001,4265300,4330095,121.32001
1121088600,29.7,30.42,29.64999,30.03,3557700,4369920,122.84
1121693400,29.87,30.69,29.85001,30.5,3988000,4451540,123.53999
1122298200,30.45,30.75999,30.28,30.5,3977200,4525910,123.74001
1122903000,30.58,30.61,30,30.02,3800800,4493320,122.88
1123507800,30.07001,30.5,29.95,30.27,2869100,4512825,123.06
1124112600,30.19,30.39999,29.86,30.05,3433400,4473280,122.47
1124717400,30.03,30.32001,29.58,29.62,3417100,4535010,120.75999
1125322200,29.62,29.87,29.14999,29.75999,4629500,4564735,122.27
1126013400,29.64999,30.25999,29.64999,30.23,3265300,4491255,124.60001
1126531800,30.14999,30.42,29.86,30.11,4810800,4414765,123.5
1127136600,30.02,30.06,29.3,29.75,8500000,4650430,121.44
1127741400,29.8,30.16,29.56,30.16,4387600,4455380,123.03999
1128346200,30.25999,30.25999,29.33,29.8,13699298,4644369.9,119.61
1128951000,29.77,29.77,29.17999,29.63,8591798,4748349.8,118.67
1129555800,29.88,30.03999,29.24001,29.28999,8002500,5088014.8,118.13
1130160600,29.3,29.89,29.12,29.64999,6129200,5242324.8,119.8
1130769000,29.72,30.21001,29.48199,30.09,4303100,5294724.8,122.11
1131373800,30.2,30.58,29.96001,30.53,1914100,5105984.8,123.75999
1131978600,30.52,31.37,30.49001,31.3,3137400,5033959.8,125.13
1132583400,31.31,31.8,31.25011,31.61,3360500,4988719.8,127.13
1133188200,31.63,31.86,31.24001,31.69,3184600,4970064.8,126.85001
1133793000,31.47,31.97,31.09,31.45,6961600,5118744.8,126.33
1134397800,31.64999,31.91,31.33,31.67,5361700,5187969.8,126.36
1135002600,31.60001,31.89999,31.27,31.84,2558400,5125849.8,126.75999
1135693800,31.89,32.03,31.39,31.42,2037400,5084264.8,124.50999
1136298600,31.17,31.89,31.12,31.78,5470400,5186114.8,128.44
1136817000,31.64999,32.05,31.41,31.62,4513100,5240914.8,128.67999
1137508200,31.87,31.87,30.89999,30.96001,5885100,5303694.8,125.97
1138026600,31,31.67999,30.95,31.62,5185100,5399684.8,128.53999
1138631400,31.50999,31.85001,31.36,31.44,5494300,5433859.8,126.27
1139236200,31.39,31.96001,31.25,31.86,3624900,5190104.8,126.64
1139841000,31.83,32.59,31.58,32.53999,3406200,5141034.8,128.81
1140532200,32.60001,32.8,32.32001,32.66,3566700,4634404.9,129.41
1141050600,32.95,33,32.21001,32.74001,3768300,4393230,128.75999
1141655400,32.94,33.03999,32.25,32.85001,7041400,4345175,128.59
1142260200,32.95,33.86,32.75,33.78999,4604100,4268920,130.62
1142865000,33.99001,34.10001,33.52,33.67999,4738200,4290675,130.21001
1143469800,33.71001,33.97,33.45,33.8,3902400,4390090,129.83
1144071000,34.00999,34.48,33.8,33.95,4500800,4458260,129.53999
1144675800,33.91,34.03,33.62,33.86,2773900,4428930,128.71001
1145280600,33.92,35.12,33.56,34.89,4599700,4499685,131.14999
1145885400,34.85001,35.05,34.41,34.53,7729200,4538065,131.47
1146490200,34.45,35.73,34.45,35.67999,5133000,4526630,132.52
1147095000,35.52,36.02,34.89999,34.92999,6484600,4722940,129.24001
1147699800,34.73,35.27,33.75,34.03999,9003600,5071250,127.10001
1148304600,33.78999,34.24001,33.35001,34.14,7820300,5188745,128.38
1148995800,34.16,34.5,33.67,34.34,8691800,5397680,129
1149514200,34.34,34.34,32.34,32.84,15824700,5894660,125.35001
1150119000,32.91,33.45,32.25999,33.25999,7685000,6019655,124.64999
1150723800,33.25999,33.47,32.85001,33.24001,5320500,6010965,124.44
1151328600,33.25,34.00999,32.82001,33.81,5625100,6110975,127.23
1151933400,33.92,34,33.2,33.27,4037000,6142515,126.61
1152538200,33.27,33.53999,31.74001,32,10065099,6467434.95,123.52
1153143000,32.06,32.86,31.56,31.7,11998400,6878939.95,123.95
1153747800,31.81,32.27,31.52,32.02,17270200,7390379.95,127.98
1154352600,32.03999,32.58,31.55,32.06,8297700,7575059.95,128.2
1154957400,31.89999,32.10001,31.03,31.23,8253000,7750799.95,127.00999
1155562200,31.37,32.78,31.28,32.53,10223299,8066844.9,130.69
1156167000,32.41,32.42999,31.7,31.94,7069800,8195294.9,129.81
1156771800,31.94,32.5,31.87,32.48,5542200,8333709.9,131.42
1157463000,32.38,32.59,32,32.19,6362100,8421829.9,130.28
1157981400,32,32.91,31.91,32.73,9921300,8531434.9,131.96001
1158586200,32.67999,32.99001,32.28,32.39,6973600,8623464.9,131.47
1159191000,32.64999,33.67,32.37,33.34,8505300,8724499.9,133.58
1159795800,33.59,34.42999,33.3,34.25,11178800,8833259.9,135.00999
1160400600,34.25999,34.64999,34.06,34.56,5782800,8731384.9,136.63
1161005400,34.46001,35.05,34.16,34.28,12723701,8932979.95,136.84
1161610200,34.09,34.58,34.09,34.25,7456600,8514574.95,137.91
1162218600,34.00999,34.48,33.7,33.92,6604000,8460524.95,136.53999
1162823400,34.00999,34.75,33.99001,34.5,8685300,8628764.95,138.24001
1163428200,34.5,35.5,34.5,35.39999,6696000,8682309.95,140.42
1164033000,35.45,35.58,35.2,35.47,4228500,8691884.95,140.35001
1164637800,35.36,35.37,34.64999,34.92,5772700,8477265,140.22
1165242600,35,35.55,34.96001,35.31,6660300,8210360,141.42
1165847400,35.17999,35.37,34.92999,35.2,8125400,7753120,142.34
1166452200,35.31,35.48,34.92999,35.00999,3224000,7499435,140.75
1167143400,35.03,35.46001,35.00999,35.00999,2213100,7197440,141.62
1167834600,35.13,35.56,34.77,34.96001,8216200,7097085.05,140.53999
1168266600,34.87,35.62,34.75,35.58,9496500,7218420.05,143.24001
1168957800,35.45,35.96001,35.45,35.62,6080500,7245335.05,142.82001
1169476200,35.58,35.73,34.95,35.21001,9290600,7391760.05,142.16
1170081000,35.2,36.30991,35.08009,36.19,10265300,7408960.05,144.81
1170685800,36.28,36.35001,35.74001,35.85001,11279700,7624265.05,143.94
1171290600,35.87,36.84,35.75,36.66,12252042,7811602.15,145.73
1171981800,36.62,36.95,36.37,36.60001,7363300,7620827.15,145.3
1172500200,36.55,36.60001,34.09,34.84,16366072,8149990.75,138.67
1173105000,34.62,35.99001,34.35001,35.45,16493100,8338460.7,140.78
1173706200,35.64999,35.71001,34.55,35.25,11541800,8542720.7,138.53
1174311000,35.37,36.36,35.33,36.36,14107500,8917895.7,143.39
1174915800,35.96001,36.47,35.31,35.55,19747473,9471004.35,142
1175520600,35.64,35.94,35.41,35.83,14312935,9851851.1,144.24001
1176125400,36,36.14999,35.5,36.06,18505173,10565684.75,145.32001
1176730200,36.28999,37.2,36.10001,36.82001,9589946,10756547.05,148.62
1177335000,36.92999,37.86,36.83,37.64,13551714,11101117.75,149.53
1177939800,37.92999,38.39999,37.2,37.98,12702424,11329968.95,150.92
1178544600,38.10001,38.28999,37.7,38.19,10149271,11676232.5,150.86
1179149400,38.28,38.5,37.89999,38.25,14525365,12291845.75,152.62
1179754200,38.5,38.74001,38.2,38.5,15508639,12656467.7,151.69
1180445400,38.25,39.42999,38.25,39.28,19249923,13144138.85,154.08
1180963800,39.03,39.39999,38.06,38.64999,24904705,14085349.1,151.03999
1181568600,38.55,39.62,38.2,39.42,13214631,14281550.65,153.07001
1182173400,39.5,39.87,38.99001,39.14999,13304746,14433522.95,150.55
1182778200,39.23,39.41,38.42,39.03999,18763826,14807729.25,150.42999
1183383000,39.16,40.49001,38.89,39.8,8828269,14636540.6,152.98
1183987800,39.87,40.96001,39.34,40.72,14656743,15001212.75,154.85001
1184592600,40.7,41.59,40.7,40.89999,19537760,15159797.15,153.5
1185197400,41.19,41.37,39.05,39.11,33528148,16011549.55,145.11
1185802200,39.42999,40.59,39.10001,39.14999,39112586,17390088.85,143.8
1186407000,39.2,40.05,37.67999,38.53,46878945,19028661.1,144.71001
1187011800,39.02,39.27,36.03999,38,44762023,20279388.6,144.71001
1187616600,38.17,39.39999,37.97,39.2,27887144,20958099.05,148.33
1188221400,39.3,39.55,38.12,39.42,18685600,20967120.4,147.59
1188912600,39.36,39.77,38.57001,38.71001,17319904,21353618.3,146.07001
1189431000,38.87,39.64999,38.21001,39.53999,20146001,21683332.65,148.89999
1190035800,39.49001,41.03999,39.2,40.63,20953448,22095883.85,151.97
1190640600,40.69,41.08,40.05,41.08,29529653,23064902.95,152.58
1191245400,41.06,41.77,40.8775,41.58,19976600,23337464.7,155.85001
1191850200,41.52,41.99001,40.87,41.32001,14867000,23305382.75,156.33
1192455000,40.31,41.74001,39.69,39.89999,27536583,23719715.75,149.67
1193059800,39.48,40.75,39.00999,40.3,32646903,24106825.65,153.62
1193664600,40.37,40.82001,39.67999,40.22,22739458,24583067,151.2
1194273000,39.97,40.7,38.92,38.92,36747050,25755182.2,145.14
1194877800,38.75,39.85001,38.34,38.81,25898785,26111930.15,145.78999
1195482600,38.42,38.75999,37.62,38.17,21105455,26725789.45,144.13
1196087400,38.56,39.96001,37.50999,39.39999,25495943,27267749.45,148.66
1196692200,39.64999,40.37,38.8,40.3,14930631,27037393,150.91
1197297000,40.38,40.82001,39.17999,39.46001,24125278,26567249.5,147.17
1197901800,39.22,39.67999,38.37,39.55,20955614,25659400.9,148.13
1198506600,40.03,40.03,39.24001,39.34,7142827,23672595,147.3
1199111400,39.53999,39.53999,37.55,37.75,27994602,22834223.95,141.31
1199716200,37.73,37.89999,35.91,36.44,54234945,24151614,140.14999
1200321000,36.58,36.94,34.49001,34.67999,47415958,25588131.9,132.06
1201012200,32.72,36.50999,32.39999,35.8,46156355,27029954.45,133.03999
1201530600,36.02,37.85001,35.7226,37.85001,41682996,28106804.2,139.58
1202135400,37.99001,37.99001,35.95,36.17,35487848,28833524.2,133.07001
1202740200,36.03999,37.7,35.94,36.77,35500590,29132071.05,135.14
1203431400,37.02,37.45,36.19,37.14999,23613636,29313922.85,135.62
1203949800,37.28,37.82001,36.25,36.25,25155325,29828339.1,133.82001
1204554600,36,37.03,35.39,35.61,25579599,29730489.9,129.71001
1205155800,35.57001,37.00999,34.89,36.08,45075210,30351905.25,129.61
1205760600,35.13,37.78999,35.13,36.63,28378280,30633846.35,132.08
1206365400,37.03999,37.77,36.81,36.84,27979068,30195447.25,131.50999
1206970200,37,38.64,36.77,38.39999,33715808,30586298.4,136.89
1207575000,38.67,38.73,36.33,36.42999,26603390,30861195.15,133.38
1208179800,36.59,38.38,36.22,38.32001,29081735,31040484.75,138.48
1208784600,38.05,38.48,37.44,38.37,22293977,31408652.05,139.60001
1209389400,38.49001,39.24001,38.13,38.89999,43766996,32390737.95,141.50999
1209994200,38.94,39.08,38.11,38.24001,23485017,32517208.1,138.89999
1210599000,38.44,39.5,38.14999,39.28,15945863,32957359.9,142.66
1211203800,39.35001,39.97,37.64999,37.78999,30082236,33061741.6,137.64
1211895000,37.78,39.02,37.66,38.84,21138970,31406942.85,140.35001
1212413400,38.67,38.94,37.00999,37.00999,32474563,30659873.1,136.28999
1213018200,37.28999,37.59,36.39999,37.02,34624082,30083259.45,136.14999
1213623000,37.10001,37.25999,35.81,35.89999,28197129,29408966.1,131.58
1214227800,36.17,36.2,33.50999,33.7,38104821,29539814.75,127.53
1214832600,33.64999,34.22,32.89999,33.41,36209266,29575248.55,126.31
1215437400,33.49001,34.28,32.95,33.09,47666891,30777911.3,123.84
1216042200,33.45,34.3,32,34.3,44231919,31731741,125.98
1216647000,34.24001,35.35001,33.83,34.47,40619020,32483712.05,125.48
1217251800,34.60001,35.48,33.57001,34.25,49278767,32693889.9,126.16
1217856600,34.17999,35.89,33.87,35.71001,46537297,33601840.75,129.37
1218461400,35.82001,36.11,34.72,35.64999,46798278,34542801.25,130.17
1219066200,35.77,35.8,34.2,35.28999,37698507,34741936.2,129.64999
1219671000,35.10001,35.77,34.28999,35.22,31543674,34988950.4,128.78999
1220362200,35.75999,36.16,33.14,33.75999,44558910,35762809.15,124.42
1220880600,34.41,34.82001,33.03999,34.11,56083714,37452296,126.09
1221485400,32.64,35,30.56,33.11,97043388,40116115.6,124.12
1222090200,33,33.38,30.64,31.57001,52475318,41565630.65,120.85001
1222695000,31.03999,31.34,27.58,27.82001,80773160,44806995.5,110.34
1223299800,26.87,27.78,22.2,23.53999,94797847,48042776.05,88.5
1223904600,25.1925,27.8,22.46001,23.56,73701301,50670892.6,93.21001
1224509400,24.39999,25.10001,21.56,22.09,81993228,53146825.85,87.03999
1225114200,21.8,25.3,21.24001,25.17999,67141637,54772703.6,96.83
1225722600,25.09,26.36,23.14999,23.83,64859020,56605798.15,93.86
1226327400,24.55,24.61,20.89999,22.39999,78052095,58603161.85,86.62
1226932200,21.89999,22.62,19.19,20.59,103690130,61977205.05,79.52
1227537000,20.88,23.25,20.81,23.11,50543406,62121030.8,90.09
1228141800,22.78,22.87,21.14,22.662,78967736,63857821.65,87.92999
1228746600,23.55,23.95,21.5,22.27,65468800,65100310.65,88.99001
1229351400,22.57001,23.63,21.87,22.58,60810679,65676906.25,88.19
1229956200,22.75,22.75,21.92,22.47,19789973,64339540.05,87.16
1230561000,22.37,24.42,21.86,24.28,20764810,63037866.65,92.96001
1231165800,24.17999,24.74001,23.2,23.23,52692144,63787548.5,89.09
1231770600,23.22,23.27,20.8,21.82001,66512682,65535998.9,85.06
1232461800,21.67999,21.84,20.53999,20.63,66172537,66616680.25,83.11
1232980200,20.64,22.09979,20.39999,20.61,71307918,67377890.45,82.83
1233585000,20.3,21.31,19.85001,21.14,53552988,65203370.45,86.979
1234189800,21.19,21.72,19.7,20.34,45145640,64836886.55,82.75999
1234881000,19.64,19.8243,18.27,18.62,56523345,63624395.8,77.42
1235399400,18.84,18.94,17.07001,17.10001,56969266,61732966.75,73.92999
1236004200,16.89,16.89999,15.14,15.5,58117129,60953758.15,68.92
1236605400,15.48,17.64999,15.16,17.25,45987770,59153485.25,76.09
1237210200,17.49001,18.58,17.27,17.39,53754942,58484150.5,76.71001
1237815000,17.83,19.64999,17.69,19.28,60589216,58270660.3,81.61
1238419800,18.64999,20.12,18.09,19.87,52483203,56992215.7,84.25999
1239024600,19.66,20.64,19.24001,20.48,47243302,54169874.3,85.81
1239629400,20.21001,21.34,20.07001,21.11,62688837,54777145.85,87.08
1240234200,20.77,21.8,19.98,21.66,49880352,53322776.65,86.66
1240839000,21.49001,22.3176,20.8,22,52331328,52665903.05,87.89
1241443800,22.28999,23.50999,22.06,23.50999,64752871,52863012.65,92.98
1242048600,23.03,23.22,21.55,21.8,63479361,55047482.05,88.71001
1242653400,21.91,23.09,21.55,21.69,72946670,57656575.05,89.02
1243344600,21.84,22.58,21.47,22.49001,48768840,57460409.85,92.53
1243863000,22.97,24.08,22.77,23.73,65733151,57421433.3,94.55
1244467800,23.72,24.13,23.17,23.59,50528813,56639247.1,95.08
1245072600,23.48,23.48,22.03,22.2,57041499,55925926.15,92.03999
1245677400,22.02,22.2001,21.08,21.97,69831139,56739833.7,91.84
1246282200,22.14999,22.37,21.32001,21.36,42969215,56631012.45,89.81
1246887000,21.09,21.37,20.21201,20.72,69629793,57286334.85,87.96001
1247491800,20.85001,22.75,20.57001,22.38,46695508,56772646.95,94.13
1248096600,22.66,23.50999,22.53,23.41,50744423,56404011.65,98.06
1248701400,23.42,24.13,23.09,23.88,50032461,56606246.2,98.81
1249306200,24.19,25.33,23.99001,25.12,66936860,57265342.1,101.202
1249911000,25.05,25.2294,24.38,24.73,58278876,57149825.1,100.78999
1250515800,24.14999,25.315,23.84,25.3,51698841,57110607,102.97
1251120600,25.3,25.73,25.02,25.32001,38855226,56691203.2,103.38
1251725400,25.14,25.38,24.36,25.31,56702992,56391910.95,102.06
1252416600,25.67999,26.53999,25.45,26.35001,51334253,56464606,104.77
1252935000,26.17999,27.55,26.05,27.00999,58731989,56784639.05,106.72
1253539800,26.89999,27.38,26.07001,26.13,45848461,55839418.55,104.45
1254144600,26.28999,26.91,25.25999,25.35001,76866105,56508755.75,102.49001
1254749400,25.47,26.55,25.38,26.55,55840710,55653457.75,107.25999
1255354200,26.67999,27.28999,26.24001,27.06,46477837,55538907.6,108.89
1255959000,27.17999,27.5,26.61,26.67999,53794876,54941993.85,108.08
1256563800,26.82001,27.12,25.27,25.28999,73812991,56106202.75,103.56
1257172200,25.41,26.92999,25.2,26.88,74104573,56959356.45,107.13
1257777000,27.19,27.8,27.05,27.5,48059852,55870792.1,109.62
1258381800,27.55,28.17,27.25,27.46001,43754282,55910045.45,109.42999
1258986600,27.81,28.07001,27.03999,27.42,36984857,54277798.65,109.57001
1259591400,27.45,28.37,27.3,28.17,46088415,54247444,111.00999
1260196200,28.12,28.28,27.46001,28.17,41596574,53790051.55,111.11
1260801000,28.31,28.56,27.675,27.85001,36672934,53122075.2,110.21001
1261405800,28.05,28.31,27.97,28.25,18724296,50711447,112.48
1262010600,28.3,28.33,27.77,27.78999,17549297,48674968.05,111.44
1262615400,28.09,29.25999,27.96001,29.25,41267778,48153414.9,114.57001
1263220200,29.45,29.61,28.99001,29.07001,46907973,48556052.25,113.64
1263911400,29.17,29.425,27.83,27.84,55460961,48493950.7,109.21001
1264429800,28.17,28.21001,27.31,27.38,86349034,50244689.75,107.39
1265034600,27.69,28.41,26.66,27.2,101674067,52391793.65,106.66
1265639400,27.27,27.82001,26.89999,27.57001,81468979,54172819.55,108.03999
1266330600,27.86,29,27.785,28.86,45150715,52587050.05,111.14
1266849000,29,29.02,28.14999,28.84,53865126,52488270.85,110.74001
1267453800,28.96001,29.91,28.85001,29.89999,41847582,52256758.1,114.25
1268058600,29.95,30.37,29.62,30.37,40106362,51572332.4,115.46001
1268659800,30.27,31.12,30.11501,30.81,57040188,50733692.25,115.97
1269264600,30.58,31.42,30.56,31.09,47062321,49381579.65,116.582
1269869400,31.28,31.59,31.14999,31.44,51803636,49568768.85,117.8
1270474200,31.57001,31.78999,31.27,31.78,45736323,49667870.9,119.55
1271079000,31.78999,32.69,31.64999,32.09,61790044,50908130.25,119.36
1271683800,32.06,33.14999,31.73,33.12,98192277,53513323.35,121.8125
1272288600,33.34,33.46001,32.27,32.57001,94974330,56182211.15,118.8125
1272893400,32.59,33.32001,28.44,30.03,170540032,62875566.05,111.25999
1273498200,31.75999,32.41,30.94,31.19,113428203,67610761.4,113.89
1274103000,31.28999,31.61,28.39,29.42,190164448,76241518.95,109.11501
1274707800,29.32001,30.02,27.91,29.60001,129610720,80658666.05,109.369
1275399000,29.31,29.9899,28.30099,28.42999,96684112,83147473,106.82001
1275917400,28.39999,29.2,27.39999,29.17,132951019,87021975.9,109.67999
1276522200,29.5,30.16499,29.09,30,90028497,87205949.05,111.729
1277127000,30.42999,30.60001,28.49001,28.92,89646752,86604583.3,107.86749
1277731800,28.89999,29.10001,26.85001,27.00999,109466530,88004460.85,102.2
1278423000,27.5,28.64,26.78999,28.64,63070566,88900453.4,107.96001
1278941400,28.47,29.23,27.9901,28.07001,90927217,90753557.95,106.66
1279546200,28.14,30.16,27.74001,30.07001,116224272,94472392.45,110.41
1280151000,30.23,30.81,29.77,30.28999,81650766,96549612.65,110.27
1280755800,30.71001,31.05499,30.38,30.85001,70120725,97203639.5,112.392
1281360600,31.14999,31.14999,29.14999,29.39999,81408992,98920973.05,108.31
1281965400,29.17,30.17999,28.84,29.17,69617522,99811667.35,107.53
1282570200,29.35001,29.48,27.67,28.74001,112671077,103158405.05,106.86
1283175000,28.60001,30.345,27.9872,30.13,96821444,104909975.05,110.89
1283866200,29.94,30.58,29.77,30.39999,49108086,102455765.5,111.48199
1284384600,30.73,30.83,30.32001,30.69749,76389554,101526526.7,112.49001
1284989400,30.87,31.48,30.50999,31.44,96208272,97809938.7,114.82001
1285594200,31.46001,31.91,30.84,31.31,78370924,96057074.75,114.61
1286199000,31.16,32.32001,30.78999,32.19501,65496504,89823677.55,116.53751
1286803800,32.23,32.77991,31.64,32.23,76945075,87190395.3,117.7
1287408600,32.21001,32.67,31.58,32.48,76695839,86190981.65,118.347
1288013400,32.60001,32.95,31.86501,32.17999,65305918,82808726.6,118.49001
1288618200,32.31,33.53,32.00999,33.42999,63867858,81500694.65,122.72501
1289226600,33.24001,33.44,32.25,32.41,57510054,79893859.75,120.198
1289831400,32.46001,32.78,31.82001,32.75999,88913424,78866204.45,120.28999
1290436200,32.62,33.00999,32.07001,32.72,40530133,77739182.8,118.8
1291041000,32.50999,34.09,32.24001,34.03999,62193059,76302474.9,122.89
1291645800,33.94,34.46001,33.82001,34.395,73508875,74166705.05,124.48
1292250600,34.64999,34.82001,34.38,34.53999,47879921,72478162.8,124.3
1292855400,34.62,34.91,34.36,34.82001,24381207,70191186.9,125.60001
1293460200,34.73,35,34.60001,34.87,18945890,67068031.8,125.75
1294065000,35.05,35.5,34.73,35.25999,48078727,65991092.05,127.14
1294669800,35.14999,35.94,35.03,35.91,43606656,62537871,129.3
1295361000,36.00999,36.17999,35.38,35.89999,53269673,60360282.45,128.37
1295879400,35.92999,36.82001,35.78,35.83,65954638,61202610.05,127.72
1296484200,35.92,36.82001,35.87,36.78,57126735,60239469.1,131.14999
1297089000,36.88,37.925,36.88,37.85001,57384051,58298258.05,133.11
1297693800,37.89999,38.08501,37.48,38.045,47070622,56733242.95,134.53
1298385000,37.63,37.69,35.91,36.83,98210755,58368955.5,132.33
1298903400,37.03,37.38,36.13,36.841,93625423,59202972.9,132.47
1299508200,37.02,37.23,36.09,36.67,107555278,60745944.85,130.84
1300109400,36.42999,36.535,35.08,35.97,135809136,64271105.75,127.75999
1300714200,36.67999,37.28,36.17999,37.10001,68690652,64512245.45,131.3
1301319000,37.21001,38.2124,36.85001,37.98,66654892,64969487.35,133.14999
1301923800,38.13,38.14999,37.205,37.42,68643293,63955980.8,132.86
1302528600,37.50999,37.64999,36.47,37.13,73949438,65626946.05,132.03999
1303133400,36.75,37.78999,36.24001,37.63,62226467,65628616.45,133.78
1303738200,37.61,38.87,37.41,38.7,73684733,65637409.35,136.42999
1304343000,38.96001,38.98,37.53,38.07001,122028622,69344844.4,134.2
1304947800,38.06,38.59,37.58,37.67999,85921161,72421842.1,134.03999
1305552600,37.5,37.98,36.88,37.37,108440336,76896564.4,133.61
1306157400,36.87,37.39,36.42,37.28999,99085521,79446904.1,133.50999
1306848600,37.59,37.74001,35.98,36.10001,110830976,82808120.1,130.42
1307367000,35.95,36.16499,35.16,35.21001,112783484,85783810.65,127.60001
1307971800,35.38,36.03999,35.05,35.45,125694160,88770786.75,127.05
1308576600,35.28999,36.53,35.28999,35.63,85645521,90196726.05,126.81
1309181400,35.60001,37.99001,35.5,37.91,86887805,91671913.75,133.92
1309872600,37.88,38.42999,37.57001,37.82001,91263696,93881567.45,134.39999
1310391000,37.38,37.46001,36.19,36.53999,104587621,94200410.75,131.69
1310995800,36.34,37.35001,35.91,36.83,80575572,93547918.2,134.58
1311600600,36.5,37.028,34.1937,34.67999,140360597,95188184.15,129.33
1312205400,35.16,35.215,30.97,31.75999,246243344,100709894.55,120.08
1312810200,30.62,31.57001,29.03,31.39999,235537120,109052217.95,118.12
1313415000,31.59,31.94,29.09,29.13,168146304,114126788.55,112.64
1314019800,29.89999,31.25,29.14,30.92999,124581824,116923715.1,117.97
1314624600,31.28,32.89,30.73,30.85001,150927440,120772615.2,117.85001
1315315800,29.99001,31.56,29.75,30.17999,110477648,123185174.25,115.92
1315834200,29.74001,32.2,29.49001,31.97,170711488,128036512,121.521
1316439000,31.49001,32.03999,28.64999,29.31,180310304,130950596.1,113.53999
1317043800,29.62,31.12,29.14999,29.22,145018048,133905440.45,113.14999
1317648600,29,30.74001,27.67,30.34,140516032,135509225.25,115.71001
1318253400,30.89999,32.25,30.75999,32.19,90373149,135073606.65,122.57001
1318858200,32.10001,32.71001,31.149,32.67,87242130,133894164.35,123.97
1319463000,32.89999,34.58,32.34,34.25999,101206948,133315337.55,128.60001
1320067800,33.91,33.96001,32.16,33.60001,94560349,131758647,125.481
1320676200,33.60001,34.09,32.61,33.92999,91309337,132041837.8,126.66
1321281000,33.84,34.07001,32.56,32.92,75392357,131467065.4,121.979
1321885800,32.42,32.42,31.08,31.16,63300296,130068895.4,116.34
1322490600,32.11,34.24001,31.965,33.71001,93991962,129539112.45,124.86
1323095400,34.25999,34.34,33.13,33.97,95725045,130296586.1,126.05
1323700200,33.69,33.78,32.45,32.67,110897973,128823454.9,121.59
1324305000,32.74001,34.09,32.22,34.09,78547655,120438670.45,126.39
1324996200,33.96001,34.14999,33.46001,33.75,26447547,109984191.8,125.5
1325601000,34.41,34.81,34.14999,34.59,47526132,103953183.2,127.71001
1326119400,34.69,35.84,34.53999,35.495,62698804,100859032.2,128.84
1326810600,35.97,36.38,35.50999,36.16,47728496,95699085,131.53999
1327329000,36.10001,36.92,35.77,36.46001,51026849,92726545.05,131.82001
1327933800,36.13,37.32001,36,37.25999,60490122,87215476.75,134.53999
1328538600,37,37.375,36.73,36.97,51948051,80797364.1,134.36099
1329143400,37.28999,37.45,36.71001,37.28,69719598,77032441.6,136.41
1329834600,37.47,37.66,37.17,37.48,40918832,72052581.6,136.92999
1330353000,37.23,37.66,37.02,37.14,67766157,70922232,137.312
1330957800,37.05,37.17,35.955,37.02,91766854,71148468.2,137.57001
1331559000,37.07001,38.17,36.89999,37.98,76032970,69889769.3,140.3
1332163800,37.96001,38.11,36.8,37.16,71543369,68738920.3,139.64999
1332768600,37.45,37.78999,36.75,37.41499,92054370,68776171.95,140.81
1333373400,37.34,37.78999,36.9166,36.97,58811065,67947107.35,139.78999
1333978200,36.37,36.82001,35.56,36.33,96411578,69602671.45,137.14
1334583000,36.55,37.12,36.25,36.77,94138778,69610012.25,137.95
1335187800,36.31,37.44501,36.08,37.36,86881303,69167825.15,140.39
1335792600,37.22,37.3999,36.2,36.3,77900665,67517959.75,137
1336397400,36.10001,36.38,35.46001,35.67,92221029,68201628.45,135.61
1337002200,35.35001,35.56,34.02,34.12,97823579,71770430.05,129.74001
1337607000,34.33,35.33009,34.31,34.92,78488344,73318540.65,132.10001
1338298200,35.21001,35.5,33.67,33.71001,72019847,73784592.8,128.16
1338816600,33.73,35.06,33.08,34.8,95719458,76184140.9,133.10001
1339421400,35.16,35.17999,34.31,34.955,92958315,78280714.2,134.14
1340026200,34.81,35.69501,34.49001,34.75,75583623,79035389.25,133.46001
1340631000,34.34,35.67,33.84,35.67,84998858,80687929.6,136.105
1341235800,35.75999,35.84,34.99001,35.21001,44170044,79410451.9,135.49001
1341840600,34.92999,35.495,33.87,34.87,117760040,83252512.3,135.75
1342445400,34.71001,35.715,34.32001,35.16,94908635,84609636.2,136.47
1343050200,34.62,36.19,34.32001,36.00999,96216603,84832123.65,138.675
1343655000,35.96001,36.32001,35,36.16,77082881,84884619.2,139.349
1344259800,36.32001,36.7,36.16,36.67999,64705934,84542747.45,140.84
1344864600,36.61,37.21001,36.35001,37.17999,54162246,82648141.25,142.17999
1345469400,37.08,37.39,36.405,36.71001,48465117,82130843.85,141.50999
1346074200,36.78,36.83,36.05,36.36,40959617,79358245.8,141.16
1346765400,36.24001,37.03999,35.75,37,52714611,77287037.45,144.33
1347283800,36.89,38.07001,36.73,37.75999,56534238,75769684.2,147.24001
1347888600,37.62,37.745,36.84,36.97501,52762719,74512786.9,145.87
1348493400,36.74001,37.06,36.205,36.53,65139438,73158707.35,143.97
1349098200,36.72,37.42,36.5,37.16,52275715,70881314.15,146.14
1349703000,36.94,37.13,36.25999,36.45,48974762,69405635.05,142.89
1350307800,36.45,37.53999,36.39,36.78999,58239255,68716605.45,143.3896
1350912600,36.67999,36.95,35.99001,36.32001,65952577,67228261.4,141.35001
1351517400,36.49001,37.44,36.36,36.83,39237375,64542214.4,141.56
1352125800,36.69,37.61,36,36.27,62754575,63900762,138.16
1352730600,36.37,36.64,35.19,35.52,69481291,63124883.65,136.37
1353335400,35.96001,36.74001,35.86,36.74001,28031618,62317962.35,141.35001
1353940200,36.60001,37.34,36.35001,37.13,46747563,58767338.5,142.155
1354545000,37.32001,37.515,36.71001,37.495,43698538,56206833.65,142.41499
1355149800,37.48,38.12,37.39,37.62,39840634,53388035.2,142.1051
1355754600,37.8,38.53,37.5,37.92999,55756450,52321713.65,142.78999
1356359400,37.84,37.96001,37.17999,37.22,20927114,50132772.65,140.03
1356964200,37.12,39.14999,37.03999,39.12,44358438,49642582.25,146.37
1357569000,39,39.25999,38.51649,39.09,38618832,49150268,147.07001
1358173800,39.16,39.96001,39.00999,39.92999,41738660,49189220.15,148.33
1358865000,39.84,40.90669,39.77,40.47,27783238,47942651.5,150.25
1359383400,40.63,40.64999,39.991,40.47,36621418,46947010.5,151.24001
1359988200,40.27,40.64,40.07001,40.61,43801754,46498962.25,151.8
1360593000,40.53,41.17,40.49001,41.06,37180375,45101009.1,152.11
1361284200,41.22,41.42,40.34,40.84,44420101,44708228.4,151.89
1361802600,41.06,41.28999,39.97,40.89999,58024008,45160690.7,152.11
1362407400,40.82001,41.86,40.42,41.82001,55886918,45043073.85,155.44
1363008600,41.78,42.16,41.53999,41.97,39484102,43719650.1,155.83
1363613400,41.67,42.05,41.22,41.62,49515543,44233558.5,155.60001
1364218200,41.74001,41.77,41.05099,41.75999,41607118,43176185.65,156.67
1364823000,41.7,41.71001,40.44,40.97,72906766,43347459.4,155.158
1365427800,40.94,42.13,40.81,41.75999,47812247,44336490.85,158.8
1366032600,41.48,41.53,40.02,40.38,88142426,46406234,155.48
1366637400,40.41,41.53999,40.03,41.23,52733903,46858002.25,158.24001
1367242200,41.39999,42.37,40.89999,42.13,50335594,47382750.25,161.368
1367847000,42.13989,43.295,42.08,43.19,55895289,47389692.2,163.41
1368451800,43.14,44.17999,42.89,44.17,54479805,49067326.75,166.94
1369056600,44.03999,44.7,43.38,43.71001,61604238,49929616.75,165.308
1369747800,44.25,44.35001,43.49001,43.53,41433176,50070333.95,163.44501
1370266200,43.71001,43.97,42.55,43.78999,78650687,51915935.3,164.8
1370871000,43.94,43.94,42.83,43.3,51539301,53103738.45,163.175
1371475800,43.58,44.255,42.0014,42.3,65067633,54526049.2,159.07001
1372080600,41.91,43.00999,41.37151,42.64,63180782,55495000.6,160.42
1372685400,42.99001,43.34,42.35001,43.3,40467575,55659360.6,163.02
1373290200,43.38,44.75,43.35001,44.45,58721129,56374412,167.50999
1373895000,44.58,45.42999,44.31,45.41,51831364,56064779.8,169.17
1374499800,45.49001,45.64,44.67,44.92999,36011273,55070997.55,169.11
1375104600,44.74001,46.02,44.73,46.02,46399961,55416790.5,170.95
1375709400,45.83,45.97,45.19,45.49001,32127434,54547385.05,169.31
1376314200,45.21001,45.87,44.77,44.98,39935198,54463789.05,165.83
1376919000,44.8501,45.23,44.46001,45.13,34210918,52528996.65,166.62
1377523800,45.22,45.39999,43.92999,44.03999,41327505,52204759.55,163.64999
1378215000,44.46001,45.23,44.13,44.86,33690941,49482185.3,166.03999
1378733400,45.02,46.355,45.0125,46.21001,49266051,49308792.7,169.33
1379338200,46.7999,48.00999,46.64,46.96001,59725022,49778264.1,170.72
1379943000,46.88,47.25,46.49001,46.67999,33753340,48671166.65,168.909
1380547800,46.2,46.81,45.67,46.27,53513703,48622861.55,168.89
1381152600,45.67999,46.88,45.09,46.8,62841940,48684746.65,170.25999
1381757400,46.58,47.78999,46.45,47.69099,58534199,49539797.8,174.388
1382362200,47.75999,48.78,47.722,48.75999,41287645,47671645.7,175.95
1382967000,48.6,49.08,48.42,48.97,42961051,47242733.2,176.21
1383575400,49.17,49.52,48.64,49.38,37786015,45878652.3,177.29
1384180200,49.37,50.06,49.06,50.01,44835703,44961398.35,180.05
1384785000,50.25,50.4,49.402,50.35,37741099,44825074.55,180.81
1385389800,50.45,50.775,50.12,50.4,26776958,43227866,181
1385994600,50.38,50.48,49.13,50.34,38069450,42539770.3,180.94
1386599400,50.38,50.645,49.43,49.77,42456575,42862035.4,178.11
1387204200,49.93,51.42,49.91,51.26,69161920,44000133.35,181.56
1387809000,51.53,52.29,51.35,52,20617407,43424632,183.845
1388413800,52.02,52.3,51.46,51.67,26961529,42775948.55,182.885
1389018600,51.92,52.07,51.37,51.93,45964413,43363623.3,184.14
1389623400,51.8,52.32,51.24,51.82,45309924,43562744.25,183.635
1390314600,52.07,52.305,49.8,49.81,51620907,44459242.55,178.89
1390833000,50.04,50.47,49.44,50.03,67662699,45379074.95,178.18
1391437800,49.91,50.51,48.38,50.47,81823444,46483996.05,179.68
1392042600,50.52,51.51,50.04,51.37,55222836,47557470.85,184.02
1392733800,51.52,51.63,50.78,51.39,39220889,46842830.15,183.89
1393252200,51.58,52.34,51.46,52.06,46041195,46002792.9,186.29
1393857000,51.5,53.25,51.33,53,62882557,46220210.8,188.26
1394458200,52.85,52.98,51.27,51.35,65062780,47408967.55,184.66
1395063000,51.56,52.38,51.43,51.65,57017888,48111809.4,186.2
1395667800,51.89,52.28,51.02,51.73,54052671,48925142.2,185.49
1396272600,52,53.488,52,52.54,58348880,49600801.05,186.4
1396877400,52.4,52.57,50.89,50.9,56071361,50517314.15,181.51
1397482200,51.24,52.9,50.74,52.75,43379837,51347458.1,186.39
1398087000,52.84,53.39,52.38,52.51,48657657,51876868.45,186.29
1398691800,52.72,53.17,52.01,52.82,54089331,52458506.25,188.06
1399296600,52.67,53.31,52.382,53.01,32517576,50626289.05,187.96
1399901400,53.19,54.07,52.67,53.09,47387144,51964775.9,188.05
1400506200,52.97,53.58,52.41,53.55,30310801,52132239.5,190.35
1401197400,53.71,54.12,53.68,54.05,27395012,51203769.45,192.68
1401715800,54.08,55.31,53.87,55.31,29059926,50391269.55,195.375
1402320600,55.29,55.82,54.21,54.5,37615894,49691018.9,194.13
1402925400,54.49,55.06,54.25,55.02,40125598,48314163.85,195.94
1403530200,55.16,55.16,53.78,54.29,34188651,45932424.2,195.82
1404135000,54.27,54.809,54.01,54.75,34627717,44902668.25,198.2
1404739800,54.74,54.74,53.41,54.07,46829736,45283110.6,196.61
1405344600,54.38,54.715,53.77,54.24,43643483,45163225,197.7099
1405949400,54.17,54.54,53.705,53.79,40139891,44026091.7,197.72
1406554200,53.78,53.8,51.41,51.78,74205882,44483246.8,192.5
1407159000,51.89,52.21,51.2,52.17,80157311,45640217.95,193.24
1407763800,52.4,53.28,52.165,52.89,44872115,45181190.15,195.72
1408368600,53.24,54.5,53.2233,54.15,56205903,45074041.3,199.19
1408973400,54.4,54.48,53.7963,54.02,20310271,43285986.8,200.71
1409664600,54.14,54.545,53.87,54.33,28674544,42550722.15,201.11
1410183000,54.24,54.465,53.84,53.99,31397539,41687716.25,199.13
1410787800,53.92,54.83,53.71,54.43,41398403,41053169.85,200.7
1411392600,54.33,54.36,52.81,53.31,44509175,41652749.8,197.9
1411997400,52.82,53.54,51.62,52.8,67606467,42663715.95,196.52
1412602200,53.1,53.19,50.31,50.32,98618359,46079093.85,190.54
1413207000,50.46,51.8,48.83,51.48,143674136,51893050.05,188.47
1413811800,51.37,53.74,51.21,53.71,78971623,54388634.9,196.43
1414416600,53.58,55.53,53.23,55.21,53052750,55160477.7,201.66
1415025000,55.29,56.15,54.895,56.11,39427888,55125592.2,203.34
1415629800,56.16,56.62,56.065,56.31,35136670,55172993.15,204.24
1416234600,56.15,57.34,56.06,57.18,33022725,55092743.55,206.68
1416839400,57.34,57.62,56.83,56.91,26223630,54062438.25,207.2
1417444200,56.73,57.5,56.04,57.26,48621193,54311323.75,208
1418049000,57.17,57.26,54.79,54.82,56981327,55153395.55,200.89
1418653800,55.28,56.81,54.14,56.59,80029379,55444570.4,206.52
1419258600,56.8,57.6,56.72,57.4,20232812,52448345.45,208.44
1419863400,57.33,57.73,56.02,56.51,23724620,51390970.7,205.43
1420468200,56.04,56.26,54.16,55.42,67712895,51966320.3,204.25
1421073000,55.46,55.93,53.89,54.73,80343877,54968000.6,201.63
1421764200,55.1,56.58,54.525,55.985,41115029,55590024.85,204.97
1422282600,55.88,56.16,54.52,54.57,61694710,57104883.4,199.45
1422887400,54.71,56.68,54.21,56.2,64348213,58252373.9,205.55
1423492200,55.89,57.275,55.875,57.17,35341991,57794014.7,209.78
1424183400,57.04,58.2199,56.98,58.16,23996296,55613506.15,211.239
1424701800,58.1,58.23,57.49,57.49,29446283,52154902.35,210.66
1425306600,57.62,58.025,56.385,56.46,35776814,46760036.25,207.5
1425907800,56.46,57.09,55.745,56.08,45421115,45082510.85,205.8272
1426512600,56.31,57.63,56.25,57.12,61000440,45479895.35,210.41
1427117400,57.22,57.22,54.95,55.55,43957303,45706366.1,205.74
1427722200,55.8,56.9043,55.07,55.43,27724846,45335774.9,206.435
1428327000,55.03,57.06,55.0249,56.97,37666521,45567964.7,210.04
1428931800,56.81,56.99,55.595,55.8,38048420,46159204.2,207.95
1429536600,56,56.7999,56,56.32,41015370,45778913.05,211.6499
1430141400,56.4,56.63,55.435,56.33,50624678,45461080.6,210.72
1430746200,56.35,56.74,55.32,56.58,42064346,43562828.95,211.62
1431351000,56.56,57.27,56.1,57.11,35381182,44320247.45,212.44
1431955800,57.26,57.29,56.76,56.9,32006984,44734365.65,212.99
1432647000,56.81,56.81,55.7,55.81,30963112,42896876.5,211.14
1433165400,55.99,56.635,55.5,55.86,42011923,40980278.8,209.77
1433770200,55.77,56.34,55.3,55.98,32901626,40569608.65,210.01
1434375000,55.56,56.47,55.25,55.72,45077958,39738771.05,210.81
1434979800,56.03,56.2,54.95,55.07,29475294,37995125.1,209.82
1435584600,54.63,54.84,53.97,54.23,47087209,38582386,207.31
1436189400,53.86,54.49,53.35,54.17,57293601,40247251.25,207.48
1436794200,54.53,55.15,54.53,54.92,36913337,40620603.95,212.48
1437399000,54.92,55.05,52.81,52.9,42436794,40953602.95,208
1438003800,52.54,54.5,52.455,54.22,53668431,41365968.75,210.5
1438608600,54.12,54.575,53.525,53.69,44999510,40565922.25,207.95
1439213400,54.14,54.77,53.235,54.38,38911638,40313639,209.42
1439818200,54.12,54.65,51.46,51.46,64277274,42141260.4,197.63
1440423000,47.91,51.819,47.6,51.75,147391831,47627525.9,199.28
1441027800,51.39,51.7251,49.68,50.36,67346877,49092448.75,192.59
1441719000,51.12,53.05,50.99,51.51,33131046,48698232.55,196.74
1442237400,51.61,53.115,50.77,50.86,74654728,49899735.05,195.45
1442842200,51.14,51.45,49.04,49.81,54965098,50544772.65,192.85
1443447000,49.53,50.41,48.81,50.41,70248097,52288118.4,195
1444051800,51.15,53.76,50.71,53.38,92863605,55330949.45,201.33
1444656600,53.34,53.44,52.17,52.55,59040662,56734826.95,203.27
1445261400,52.35,54.86,52.27,54.66,69834430,58125952.3,207.51
1445866200,54.54,54.82,53.705,54.27,67941539,59877947.95,207.93
1446474600,54.28,55.1,54.28,54.86,59286657,60588382.9,210.04
1447079400,54.59,54.79,53.43,53.52,78460161,63037626.25,202.54
1447684200,53.24,55.56,53.24,55.37,60574599,63711995.75,209.3108
1448289000,55.42,55.485,54.54,55.095,35948677,62644749.55,209.56
1448893800,55.1,55.175,53.5601,54.56,65518509,64075008.15,209.62
1449498600,54.39,54.565,52.525,52.61,79815316,65943934.25,201.88
1450103400,52.63,54.01,51.7,51.74,98804954,68200760.4,200.0208
1450708200,52.2,53.6,51.83,53.46,32873505,67594460.15,205.68
1451313000,53.25,53.95,52.92,53.01,27485344,67023145.45,203.87
1451917800,52.11,52.53,49.65,49.72,69535000,67286031.75,191.923
1452522600,50.05,50.48,48.02,48.647,96922472,64762563.8,187.81
1453213800,49.18,49.27,46.82,48.64,72313021,65010871,190.52
1453732200,48.56,50.01,47.96,49.99,70132898,66860963.6,193.7208
1454337000,49.59,50.91,48.35,50.04,90928710,67674662.7,187.95
1454941800,49.49,50.51,48.105,49.67,88879891,69370402.35,186.63
1455633000,50.3,51.635,49.87,51.32,52859299,68500962.45,192
1456151400,51.8,52.85,50.735,52.45,56844001,66699982.25,195.0892
1456756200,52.45,54.1,52.1,53.78,55941518,66545025.05,200.43
1457361000,53.5,54.165,52.815,54.04,58808403,65993723.7,202.76
1457962200,53.84,55.75,53.53,55.63,59412581,65567275.8,204.38
1458567000,55.56,55.96,54.74,55.12,35958100,64400847.95,203.12
1459171800,55.13,56.0266,54.72,55.73,53194768,63137578.3,206.92
1459776600,55.54,55.605,54.25,54.71,56775643,62947630.5,204.4992
1460381400,54.98,56.2,54.66,56.05,55627005,63931546.9,207.78
1460986200,55.8,56.72,55.71,56.41,58262297,63568736.3,208.97
1461591000,56.36,57.18,55.82,56.16,65546983,62855319.65,206.3308
1462195800,56.27,56.49,54.94,55.64,66194909,61224817.4,205.72
1462800600,55.52,56.48,54.9,55.05,62560500,62709167.15,204.76
1463405400,55.05,56.04,54.39,55.03,59191267,64294463.3,205.49
1464010200,54.96,56.11,54.74,55.93,38433886,62739407.6,210.24
1464701400,56,56.16,55.411,55.99,40365626,59911565.3,210.28
1465219800,56.12,57.22,56.08,56.47,50181558,58804992.15,210.07
1465824600,56.45,56.52,55.21,55.73,73087235,58952709,206.52
1466429400,56.15,56.76,54.23,54.38,74533899,58132968.45,203.13
1467034200,53.84,56.46,52.78,56.19,115875094,59482728.6,209.9208
1467725400,55.88,57.33,55.0901,57.23,52509152,59465221.25,212.65
1468243800,57.35,58.92,57.27,58.69,60048131,59625427.75,215.83
1468848600,58.61,58.99,57.7,58.29,35200148,58588359.25,217.24
1469453400,58.15,58.6425,57.8001,58.04,48417977,58068837.95,217.12
1470058200,57.93,58.37,57.27,58.31,42920105,57244214.15,218.18
1470663000,58.42,58.82,58.18,58.56,28455271,56869072.7,218.46
1471267800,58.73,59.1,58.55,59.02,39793672,56199017.9,218.54
1471872600,58.96,59.34,58.481,58.66,47821648,55751318.15,217.29
1472477400,58.67,59.13,58.19,58.93,43977189,55168827.35,218.37
1473168600,58.84,58.99,57.12,57.12,45527075,54532066.25,213.28
1473687000,56.81,58.03,56.5,56.61,85291114,55519272.8,213.37
1474291800,56.87,58.255,56.74,57.72,52445114,54831783.05,215.99
1474896600,57.5,58.6,57.29,58.38,46600664,54033791.25,216.3
1475501400,58.2,58.62,57.31,57.56,52349976,53691726.7,215.04
1476106200,57.84,58,56.51,57.23,50389104,54289487.6,213.12
1476711000,57.23,57.6,56.4,56.99,37395470,54140979.8,213.98
1477315800,57.28,57.515,56.6,57.1,48228484,54043326.1,212.54
1477920600,57.32,57.43,56.27,56.47,65895124,53683720.55,208.55
1478529000,57.35,61.075,57.31,61.05,128120407,56363045.95,216.42
1479133800,61.5,61.54,60.97,61.3,64007538,53769668.15,218.5
1479738600,61.49,62.71,61.365,62.71,40348411,53161631.1,221.52
1480343400,62.59,63.025,62.06,62.81,79835617,54151005.4,219.68
1480948200,63.08,64.07,62.51,63.98,49036948,54842845.4,226.51
1481553000,63.75,64.01,62.47,62.58,59369147,55390403.9,225.04
1482157800,62.73,63.32,62.61,62.99,25387045,54513750.9,225.71
1482849000,63.1,63.24,62.02,62.22,27171254,54449550.05,223.53
1483453800,62.68,63.31,62.35,63.14,52456807,55082706.8,227.21
1483972200,63.07,63.3,62.37,63.22,44296816,54906465.2,227.05
1484663400,62.88,63.75,62.51,63.44,39241524,54669681.95,226.74
1485181800,63.37,64.845,62.74,64.49,55298720,55158264.2,228.97
1485786600,64.17,64.24,62.89,63.62,67491140,54268265.5,229.34
1486391400,63.58,64.79,63.49,64.73,43887563,53840387.95,231.51
1486996200,64.99,65.89,64.97,65.89,49030710,53961890.25,235.09
1487687400,65.99,66.28,65.17,65.89,49651685,53826975.7,236.74
1488205800,65.95,67.19,65.73,66.32,51104582,53862749.6,238.42
1488810600,66,66.24,65.16,65.84,46441030,54315027.6,237.69
1489411800,65.77,66.15,65.05,65.68,62200641,55013635.45,237.03
1490016600,65.74,65.82,64.25,64.53,51287055,54283232,233.86
1490621400,63.91,65.41,63.5501,65.06,49559999,50355211.6,235.74
1491226200,65.09,65.875,64.51,65.13,46293539,49469511.65,235.2
1491831000,65.17,65.67,64.02,64.02,37903628,49347272.5,232.51
1492435800,64.22,65.615,64.14,65.41,45514448,47631214.05,234.59
1493040600,66.31,67.0357,66.1,66.34,52844189,47821576.1,238.08
1493645400,66.48,66.94,65.99,66.92,44668533,47086545.4,239.7
1494250200,66.9,67,66.08,66.3,35104981,47572442.2,238.98
1494855000,66.3,66.75,64.65,66.16,55065691,48967164.05,238.31
1495459800,66.66,67.5,66.47,67.41,35083532,48098500.3,241.71
1496151000,67.22,68.58,67.06,68.21,50498920,48408605.5,244.17
1496669400,68.13,68.32,67.1299,67.91,57568308,49324944.7,243.41
1497274200,68.07,68.78,67.71,68.68,62565148,49688266.1,242.64
1497879000,69.02,69.185,67.67,68.01,35541090,48090763.6,243.13
1498483800,68.21,68.52,67.17,68.11,38185378,47805654.35,241.8
1499088600,68.42,68.87,68.05,68.66,22555624,46481900.05,242.11
1499693400,68.61,69.575,68.315,69.43,30882748,45543453.2,245.56
1500298200,69.38,69.5,68.34,68.78,35940955,44785271.85,246.88
1500903000,68.71,68.98,67.91,68.4,44769400,44701690.35,246.91
1501507800,68.72,68.91,67.905,68.88,67368695,44960093.05,247.41
1502112600,68.83,69.07,67.78,67.86,46258650,44708672.8,244.12
1502717400,68.31,68.765,67,67.15,44339117,44447628.7,242.71
1503322200,67.22,68.09,66.95,67.5,36797231,43972813.3,244.56
1503927000,67.65,68.8,67.08,68.52,42749565,44215110.15,247.84
1504618200,68.34,68.42,67.61,68.27,57686598,44823717.65,246.58
1505136600,68.53,69.44,68.53,69.39,37994937,44081255.05,249.19
1505741400,69.54,70.82,69.48,70.75,27891507,43242403.75,249.44
1506346200,70.83,71.1068,70.26,71,30510286,43012669,251.23
1506951000,70.97,72.02,70.8575,71.94,62837299,43401249.4,254.37
1507555800,71.97,72.62,71.63,72.06,39243842,43609264.9,254.95
1508160600,72.12,72.96,71.554,72.96,36345336,42901585.7,257.11
1508765400,72.95,73.2,71.835,72.32,41658702,42106105.4,257.71
1509370200,72.15,72.205,71.28,71.83,40879549,41021825.45,258.45
1509978600,71.88,72.09,70.67,71.06,33725154,40931028.65,258.09
1510583400,70.84,71,70.04,70.5,36772146,40860367.05,257.86
1511188200,70.57,71.629,70.51,71.41,24298529,40947512.3,260.36
1511793000,71.59,74.66,71.4,73.59,76564591,43231604.45,264.46
1512397800,74.36,75.1,73.361,74.69,69092757,44889194.55,265.51
1513002600,74.75,75.31,74.0301,74.52,41947213,44748085.2,266.51
1513607400,74.91,75.67,74.85,75.4,31194777,42939389.3,267.51
1514298600,75.49,76,75.32,75.67,19169797,41584946.65,266.86
1514903400,75.92,77.66,75.57,77.62,66538073,42694894.45,273.42
1515421800,77.7,80.245,77.595,80.17,43249174,43017491.6,277.92
1516113000,80.47,80.5954,79.09,79.69,37606111,42760318.9,280.41
1516631400,79.47,80.66,79.07,80.66,51296557,42440816.85,286.58
1517236200,80.52,80.96,77.975,77.99,77699478,44426043.9,275.45
1517841000,77.17,78.175,71.49,73.81,152601071,50661522.1,261.5
1518445800,74.41,78.07,73.91,77.29,69196438,52595829.7,273.11
1519137000,76.93,77.925,76.24,77.68,37637830,51335856.25,274.71
1519655400,78.05,79.275,73.98,75.13,98472291,54297278.7,269.08
1520260200,74.66,78.45,74.38,78.45,79141762,56437100,278.87
1520861400,78.58,78.58,75.991,76.58,53442393,57026284.55,274.2
1521466200,76.36,77.125,72.68,72.74,66027089,58283661.55,258.05
1522071000,73.95,75.249,72.64,74.29,62872376,59741022.65,263.15
1522675800,74.07,75.02,71.78,72.77,102484893,63026660,259.72
1523280600,73.18,74.709,72.43,73.99,58234121,64723439.6,265.15
1523885400,74.53,76.41,74.4101,75.6,51175836,63454001.85,266.61
1524490200,75.89,76.04,72.48,73.19,81993156,64099021.8,266.56
1525095000,73.39,73.53,70.03,72.26,90008383,66502080.3,266.02
1525699800,72.5,75.03,72.41,74.71,52401341,67562408.5,272.85
1526304600,74.89,75.465,74.01,75.33,37320929,68469965.1,271.33
1526909400,76.1,76.81,74.77,75.69,52891479,67787635.4,272.15
1527600600,75.06,75.605,74.13,75.26,53736244,68311988.9,273.6
1528119000,75.51,76.5401,74.915,76.44,39956979,68429532.3,278.19
1528723800,76.45,76.82,74.29,75.12,44864181,68107913.5,277.13
1529328600,74.55,74.94,72.11,72.61,67416818,67593780.5,274.74
1529933400,72.04,73.01,70.815,71.63,84534605,64190457.2,271.28
1530538200,71.07,72.4,70.89,72.16,39405276,62700899.1,275.42
1531143000,72.48,73.9,72.36,73.75,68322317,64235123.45,279.59
1531747800,73.89,74.76,73.19,74.44,47435873,61683302.55,279.68
1532352600,74.26,76.34,73.84,76.01,64327390,60942583.95,281.42
1532957400,76.11,76.985,75.11,75.85,67181746,61629551.6,283.6
1533562200,75.81,76.61,74.86,75.07,42358142,60446104.25,283.16
1534167000,75.38,76.44,73.99,76.28,66741957,60639583.3,285.06
1534771800,76.44,77.46,76.21,76.72,40171051,57523891.2,287.51
1535376600,77.1,77.92,76.791,77.1,41885281,56706449.2,290.31
1536067800,76.81,78.06,76.65,77.59,38481660,56071740.4,287.6
1536586200,77.89,79.13,77.4701,79.07,44729568,54208561,290.88
1537191000,79.03,80.41,78.93,80,51625614,52289422.55,291.99
1537795800,79.5,79.6,78.13,78.4,51829666,52260838.8,290.72
1538400600,79.36,80.02,78.52,78.93,62577633,53523674,287.82
1539005400,78.9,79.2,73.05,73.9,138977237,57827961.9,275.95
1539610200,73.85,75.55,72.92,73.18,79650886,59123694,276.25
1540215000,73.29,73.47,68.12,69.1,119188779,63085284,265.33
1540819800,70.06,71.93,66.99,70.99,107167216,66200435.75,271.89
1541428200,71.06,73.54,70.86,72.42,82707621,66964975.9,277.76
1542033000,72.37,72.42,70.27,71.99,84796227,66978057,273.73
1542637800,71.87,71.95,69.08,69.73,49441785,67479882.45,263.25
1543242600,70.27,72.6464,69.43,72.54,70904625,67608997.85,275.65
1543847400,73.91,74.46,67.8,68.03,87703120,69622360.2,263.57
1544452200,67.96,69.44,66.7,67.05,89336224,70872801.9,260.47
1545057000,66.88,67.6,62.11,62.25,113491358,73188282.5,240.7
1545661800,61.67,64.7,59.92,63.77,63247143,74232732.55,247.75
1546266600,64.15,65.27,62.49,65.15,70630861,74427177.75,252.39
1546871400,65.42,68.02,64.8,67.87,67907373,75813993.85,258.98
1547476200,67.37,70.44,67.16,70.19,77595615,77599510.55,266.46
1548167400,69.59,70.36,68.07,70.07,52606854,78305770.25,265.78
1548685800,69.07,72.41,68.78,71.88,68132712,79475927.45,270.06
1549290600,71.98,73.81,71.79,73.07,63913647,80090329.1,270.47
1549895400,73.28,75.7,73.235,75.69,46250845,79811388.05,277.37
1550586600,75.46,76.25,75.22,76.21,33505743,78357793.55,279.14
1551105000,77,77.13,75.89,76.41,51190686,73968466,280.42
1551709800,76.77,77.095,73.61,74.27,85007324,74236287.9,274.46
1552311000,73.21,75.18,73.04,73.99,81218526,72337775.25,281.31
1552915800,73.88,75.22,72.9,72.95,60994592,70029144.05,279.25
1553520600,72.97,75.09,72.79,75.03,53621763,68574851.15,282.48
1554125400,75.72,77.25,75.67,77.01,55422620,67106170.8,288.57
1554730200,76.43,77.28,75.16,77.28,53315577,67299860.4,290.16
1555335000,77.17,78.42,76.735,78.31,38026246,65655941.45,290.02
1555939800,78.01,78.95,76.59,77.52,52774826,63909526.75,293.41
1556544600,77.52,78.5,76.81,78.4,64489626,62667196.85,294.03
1557149400,76.76,77.79,74.59,76.27,79093499,60947303.9,288.1
1557754200,74.5,75.905,73.595,74.82,67374666,61153680.05,285.84
1558359000,74.35,75.6,73.2946,73.78,58698704,60557072.2,282.78
1559050200,73.87,74.15,71.99,72.05,49342043,59628805.7,275.27
1559568600,71.93,76.025,71.91,75.72,67426964,59120373.15,287.65
1560173400,76.44,76.65,74.87,75.41,40016541,58490857.5,289.26
1560778200,75.45,77.93,75.09,77.08,57416800,57955061.9,294
1561383000,77.11,77.47,76.285,77.42,43644793,56941619.2,293
1561987800,78.05,78.44,76.45,77.51,34037082,56330931.05,298.46
1562592600,77.04,78.41,76.28,78.39,45848831,56948085.45,300.65
1563197400,78.39,78.78,76.56,77.45,38052584,56291180.35,297.17
1563802200,77.59,79.07,77.2631,78.5,42331998,54157414.05,302.01
1564407000,78.41,78.9,75.3,75.82,56602647,52926620.1,292.62
1565011800,74.62,76.11,73.085,75.42,59434737,52848627.35,291.62
1565616600,74.89,76.03,72.19,74.3,64908469,53412962.65,288.85
1566221400,75.18,75.54,72.77,73.12,48525152,53068089.25,284.85
1566826200,73.97,76.26,72.77,75.76,54055787,53105099.75,292.45
1567517400,75.04,77.6,74.26,77.2,43260185,53366796.7,298.05
1568035800,77.38,79.79,76.955,79.35,59856381,53720874.45,301.09
1568640600,79.12,79.41,77.59,77.81,37922263,52392506.3,298.28
1569245400,77.5,78.19,76.83,77.52,56196755,51247669.1,295.4
1569850200,77.61,78.24,73.18,75.61,60514730,50904672.3,294.35
1570455000,75.38,77.48,74.02,76.8,50734602,50506467.2,296.28
1571059800,76.65,78.19,76.405,76.94,40320177,50055373.9,297.97
1571664600,77.23,78.78,77.11,78.6,43318065,48849928.95,301.6
1572269400,78.77,80.22,78.11,80.22,58126758,49755439.8,306.14
1572877800,80.66,82.18,80.66,81.76,59091620,49839180.8,308.94
1573482600,81.26,82.48,81.13,82.31,37492871,49531584.7,311.79
1574087400,82.16,82.33,80.96,81.67,40338730,49846667.1,310.96
1574692200,81.97,82.65,81.76,82.04,30091368,49058793.95,314.31
1575297000,82.03,82.15,79.26,81.11,82288637,51270596.6,314.87
1575901800,80.88,82.535,80.56,81.71,52700429,51789018.15,317.32
1576506600,81.99,82.12,81.1,81.44,35333086,50725540.1,320.73
1577111400,81.93,82.23,81.585,81.9,19342540,48720930.25,322.86
1577716200,81.99,83.01,81.175,82.85,47803870,47865700.3,322.41
1578321000,82.46,83.51,82.2731,82.75,59785026,48428694,325.71
1578925800,83.01,84.805,82.85,84.41,46064542,48029131.75,331.95
1579617000,84.03,84.27,82.631,83.55,44656243,48098934.65,328.77
1580135400,82.06,83.57,80.801,81.11,72528976,48732564.4,321.73
1580740200,81.55,84.4,80.99,83.65,63131687,49993035.6,332.2
1581345000,83.52,85.325,83.42,84.64,35725501,48969472.9,337.6
1582036200,84.29,84.59,83.21,83.59,37741837,47830828.25,333.48
1582554600,81.21,81.72,71.3,73.08,205347610,55561478.65,296.26
1583159400,73.95,77.53,70.45,72.45,200454266,63568183.1,297.46
1583760600,66.7,69.23,54.1,62.94,113913188,67097939.25,269.32
1584365400,56.22,59.89,50.36,51.4,108847188,69633960.75,228.8
1584970200,50.83,61.83,47.71,58.89,136046075,73481683.5,253.42
1585575000,58.92,60.25,55.54,56.34,84508394,75832459.65,248.19
1586179800,58.88,64.33,58.81,63.22,70816868,77356366.55,278.2
1586784600,62.82,63.31,59.365,63.1,73634356,79533515.95,286.64
1587389400,61.9,62.64,59.73,61.57,50609179,77949543.05,282.97
1587994200,62,66.22,61.855,62.27,55348646,78081953.9,282.79
1588599000,61.39,63.24,60.6,63.11,41108982,78370748.7,292.44
1589203800,62.48,62.8,56.97,59.46,67790767,80793160.05,286.28
1589808600,61.82,64.4,61.65,63.84,58004796,81303206.35,295.44
1590499800,65.85,69.65,65.82,67.67,73198425,81973876.3,304.32
1591018200,67.6,76.21,67.34,74.79,77455738,83543436.1,319.34
1591623000,75.75,76.53,67.14,68.82,105891885,86605218.2,304.21
1592227800,66.63,72.49,66.36,69.23,72363093,86596924.05,308.64
1592832600,68.51,69.83,65.63,66.14,66758108,86778245.1,300.05
1593437400,67.12,69.995,66.69,68.98,37802636,86882101.85,312.23
1594042200,70.05,70.34,66.92,68.01,51542352,87572127.6,317.59
1594647000,68.6,72.15,67.77,72,64354586,80522476.4,321.72
1595251800,71.59,73.09,70.91,71.84,43969216,72698223.9,320.88
1595856600,71.82,72.885,70.525,71.73,38053303,68905229.65,326.52
1596461400,71.82,75.16,71.3675,75.13,46652853,65795512.9,334.57
1597066200,75.4,78.67,75.36,77.53,64686726,62227545.45,336.84
1597671000,77.68,77.84,75.705,76.45,34985422,59751396.85,339.48
1598275800,76.96,78.83,76.61,78.79,49370373,58679072.1,350.58
1598880600,78.57,80.26,76.81,77.84,81300912,59062399.9,342.57
1599571800,77.31,78.2,76.17,77.61,63805547,59722218.3,334.06
1600090200,78.34,80.305,77.97,78.78,66148743,60262223.15,330.65
1600695000,77.06,77.59,74.35,76.49,66547361,61534142.1,328.73
1601299800,77.45,78.49,75.47,77.61,62165697,61252888.6,333.84
1601904600,78.27,81.26,77.82,80.71,60463675,61375832.55,346.85
1602509400,81.07,82.1,79.72,81.6,51205503,60276186.45,347.29
1603114200,81.66,82.125,80.12,81.17,41262955,58466547.3,345.78
1603719000,80.1,80.19,74.64,75.87,66402237,56492064.9,326.54
1604327400,77,81.79,76.44,81.34,76003137,56674067.1,350.16
1604932200,86.87,87.88,83.325,85.76,75519471,57112135.25,358.1
1605537000,87.66,88.68,86.32,86.66,53017985,57872902.7,355.33
1606141800,87.4,90.155,87.4,88.82,39782561,57284913.15,363.67
1606746600,88.62,89.43,87.38,89.21,61551787,57144773.2,369.85
1607351400,89.16,89.7325,88,88.77,42889725,57090798.65,366.3
1607956200,89.63,89.695,87.6,88.84,38726939,57124480.45,369.18
1608561000,86.71,88.46,86.39,88,31830069,56383341.25,369
1609165800,88.58,88.87,86.99,88.55,23360482,54317029.05,373.88
1609770600,88.66,90.28,85.92,89.61,72864389,56210977.4,381.26
1610375400,88.67,90.69,88.08,88.83,55144561,56499686.8,375.7
1611066600,89.59,89.885,87.765,88.51,36638820,54266582.2,382.88
1611585000,88.1,88.81,84.51,84.77,90692526,55610931.15,370.07
1612189800,85.61,89.415,84.935,88.99,46021244,54604556.2,387.71
1612794600,89.35,90.41,88.74,90.3,44979687,53526172.5,392.64
1613485800,90.51,91.25,88.835,90.98,30636718,51949723.55,390.03
1614004200,90.52,93.66,90.19,90.61,82028254,53027952.5,380.36
1614609000,91.93,93.85,89.85,93.44,91067212,55021037.95,383.63
1615213800,94.07,96.845,93.81,96.77,68866654,56401222.9,394.06
1615815000,97.16,98.52,95.93,96.47,74099782,56786100.15,389.48
1616419800,96.36,98.38,93.95,98.32,76765717,56824229.15,395.98
1617024600,98.21,99.26,97.84,98.78,46373881,55366949.65,400.61
1617629400,99.74,100.57,98.61,100.51,46665965,55049348.65,411.49
1618234200,100.37,101.8,99.68,101.14,50502505,55585345.85,417.26
1618839000,100.98,101.82,99,101.56,53021850,55158849,416.74
1619443800,101.91,102.74,101.2023,101.93,50374090,55533067.25,417.3
1620048600,102.7,105.6,102.18,105.35,64437934,56818617,422.12
1620653400,105.92,106.805,101.325,104.73,87562907,59605258.9,416.58
1621258200,104.41,104.7799,100.67,103.04,64455313,61660000.45,414.94
1621863000,103.67,105.45,103.12,105.12,42362163,60134889.15,420.04
1622554200,106.14,106.31,104.25,105.34,34465365,59100929.35,422.6
1623072600,105.54,105.56,102.97,103.51,48872672,59712621.95,424.31
1623677400,103.41,103.7,99.49,99.61,76627531,59009372.2,414.92
1624282200,100.1,102.72,100.01,102.35,60009333,59708776.65,426.61
1624887000,102.31,103.465,101.345,103.29,60579563,60488770.45,433.72
1625578200,103.05,103.65,101.03,103.49,57297321,61821800.6,435.52
1626096600,102.97,103.75,101.781,101.91,64247270,60932751.4,431.34
1626701400,100.28,103.9,98.77,103.61,73553988,60057090.2,439.94
1627306200,103.33,103.91,102.21,103.36,54479636,59337739.3,438.51
1627911000,103.76,104.63,101.97,103.54,68159521,59040726.25,442.49
1628515800,103.08,105.73,102.63,105,51193070,57762093.9,445.92
1629120600,104.69,105.37,101.78,102.63,67039106,58795355.15,443.36
1629725400,103.11,105.21,103.06,104.92,45903814,58757247.6,450.25
1630330200,105.1,105.28,103.72,104.59,48754993,58669872,453.08
1631021400,104.23,104.3,101.915,101.96,50365460,58537052.5,445.44
1631539800,102.74,103,100.175,100.33,59886624,59012679.2,441.4
1632144600,98.54,101.19,97.78,100.85,68573616,59219463.3,443.91
1632749400,100.99,101.85,97.48,99.18,80219998,58852317.85,434.24
1633354200,99.01,101.69,98.02,100.95,66108338,58934969.1,437.86
1633959000,100.82,103.33,98.93,102.89,53977687,59515745.3,445.87
1634563800,102.3,105.185,101.895,104.8,40601159,59822535,453.12
1635168600,104.64,105.44,103.145,104.49,45514840,59654643.4,459.25
1635773400,104.7,107.05,103.99,106.39,54284223,58537478,468.53
1636381800,107.33,107.58,105.95,106.9,43742462,57724134.45,467.27
1636986600,107.33,107.6459,105.58,105.73,41203835,56755348.05,468.89
1637591400,106.07,107.01,102.48,103.21,51456693,56463316.65,458.97
1638196200,104.26,104.28,99.33,102.2,94039937,57952950,453.42
1638801000,103.22,105.855,103.05,105.35,51070378,56828769.5,470.74
1639405800,105.11,105.31,102.41,102.44,74017730,57805674.2,459.87
1640010600,100.81,104.26,99.56,103.92,43809853,56588190.8,470.6
1640615400,104.08,106.37,103.93,105.81,30403440,55548709.3,474.96
1641220200,106.03,107.88,104.395,106.49,63009984,55347253.2,466.09
1641825000,106.23,107.44,104.26,105.85,63329622,56218543.6,464.72
1642516200,104.86,105.07,100.8,101.2,77301167,57645852.3,437.98
1643034600,99.51,102.49,96.94,99.7,139297591,62092458.85,441.95
1643639400,99.03,103.05,98.8,100.11,73615931,62778924.2,448.7
1644244200,100.37,102.76,98.87,99.36,68281757,62764331.25,440.46
1644849000,99.5,101.36,98.02,98.34,56943993,61600531,434.23
1645540200,98.27,99.46,93.4,99.13,73973663,61993797.25,437.75
1646058600,98.21,101.51,97.76,100.39,89075883,63748707.05,432.17
1646663400,100.07,100.795,97.01,97.94,81620644,65799681.3,420.07
1647264600,98.53,102.925,97.58,102.84,65853597,66816619.15,444.52
1647869400,102.26,103.76,102.085,103.72,44638161,66334316.05,452.69
1648474200,103.63,105.23,101.43,102.18,49453990,66619892.45,452.92
1649079000,101.98,102.465,98.56,99.6,66647116,67892056.5,447.57
1649683800,99.28,100.91,98.69,99.94,38634015,67250922.6,437.79
1650288600,99.66,103.12,98.34,98.43,51392023,65118526.9,426.04
1650893400,97.86,98.58,94.95,95.14,72945276,66212271.8,412
1651498200,95.04,98.98,93.495,95.52,99984058,67510588.2,411.34
1652103000,94.41,94.78,90.19,93.1,97317779,70185984.5,401.72
1652707800,92.83,95.22,88.035,89.74,61706450,71751135,389.63
1653312600,90.61,95.49,89.24,95.47,48063895,71003830.55,415.26
1654003800,94.47,95.97,93.35,95.55,38473220,69761010.45,410.54
1654522200,96.24,97.34,90.81,90.84,39945491,67893226.65,389.8
1655127000,89.05,89.8,84.57,85.56,69955443,64426119.25,365.86
1655818200,86.53,88.83,84.75,88.82,39677115,62729178.45,390.08
1656336600,89.29,90.2,85.61,88.1,40082476,61319214.4,381.24
1657027800,86.62,88.53,85.27,87.91,31554711,60049750.3,388.67
1657546200,87.4,88.225,84.275,86.84,40182337,58360184,385.13
1658151000,87.61,91.33,86.05,90.45,33738512,55593315.45,395.09
1658755800,90.55,95.84,90,95.64,38008347,53412700.6,411.99
1659360600,95.04,96.25,94.48,96.12,37345489,51987295.2,413.47
1659965400,96.87,99.87,95.535,99.84,29490652,51229919.75,427.1
1660570200,99.15,100.97,98.575,98.84,32598384,50387139.45,422.14
1661175000,97.63,99.19,95.45,95.52,36175351,48863551.2,405.31
1661779800,94.91,95.85,91.73,92.16,44246926,49144196.75,392.24
1662471000,92.2,95.49,91.51,95.29,33792765,48264233.85,406.6
1662989400,95.84,96.35,88.44,89.21,55829861,47408463.1,385.56
1663594200,88.17,90.36,83.71,84.75,48711946,44844857.5,367.95
1664199000,84.49,85.89,82.75,82.84,51634353,42560686.2,357.18
1664803800,83.76,88.575,83.495,85.16,41573130,41554020.2,362.79
1665408600,85.87,87.4,82.76,84.74,51342548,41717952.85,357.63
1666013400,86.24,88.91,86.09,88.69,49328702,42260726.95,374.29
1666618200,89.32,94.7,89.07,94.62,47832699,42655087.35,389.02
1667223000,94.16,95.72,91.601,95.07,57531409,42033885.65,376.35
1667831400,95.5,100.24,94.895,99.53,55065376,42803298.7,398.51
1668436200,99.24,100.26,97.1,99.44,45396257,43068987.75,396.03
1669041000,99.18,101.5,99.15,101.3,22857823,42634143.35,402.33
1669645800,100.85,102.69,98.94,102.33,56345848,43442318.9,406.91
1670250600,101.4,101.52,98.675,99.07,40769644,43793875.5,393.28
1670855400,99.3,103.31,97.135,98.1,64007734,45093844.85,383.27
1671460200,97.37,99.2399,96.3,98.39,43497128,45401426.8,382.91
1672151400,98.54,99.18,97.285,98.21,27201056,45286947,382.43
1672756200,98.78,101.1898,97.51,100.91,49563710,46135213.3,388.08
1673274600,101.16,102.98,100.07,102.46,53498392,47001365.35,398.5
1673965800,102.4,102.54,97.31,98.99,54273464,47502692.25,395.88
1674484200,99.3,101.615,98.795,101.14,63355898,48980848.9,405.68
1675089000,100.51,103.99,100.065,102.85,64126793,49395695.5,412.35
1675693800,102.35,103.185,101.08,102.14,45229736,49221585,408.04
1676298600,102.34,103.455,101.725,103.03,37127053,48496220,407.26
1676989800,102.26,102.58,99.4,100.31,36956151,48265371.05,396.38
1677508200,101.52,103.84,100.695,103.67,52564860,48326486.65,404.19
1678113000,103.74,104.18,98.685,99,70683196,49394211.35,385.91
1678714200,97.99,100.49,95.495,96.67,125539302,53279541.5,389.99
1679319000,96.71,99.14,95.19,96.91,72001378,54003039.95,395.75
1679923800,97.69,101.24,97.08,101.18,47132214,53606381.85,409.39
1680528600,100.96,101.77,97.34,97.77,57468955,54210016.75,409.19
1681133400,97.39,100.38,97.39,99.83,53143670,55724309.1,412.46
1681738200,100.08,101.7,99.94,100.61,45600150,55187024.2,412.2
1682343000,100.61,101.2,96.92,100,60444361,56170760.05,415.93
1682947800,100.01,101.11,97.49,99.51,58544600,55897603.35,412.63
1683552600,99.9,100.12,97.745,98.48,48356390,56140566.45,411.59
1684157400,98.44,100.885,97.62,99.78,51078460,57334436.65,418.62
1684762200,99.82,100.38,96.735,98.34,57488180,57730660.15,420.02
1685453400,98.48,101.24,96.525,100.94,56874826,57899481.85,427.92
1685971800,101.15,102.905,99.91,102.4,54507227,57911170,429.9
1686576600,102.5,106.6,102.12,105.45,66442622,58065506.2,439.46
1687267800,104.36,105.125,102.905,103.28,44621779,57090255.5,433.21
1687786200,103.24,107.62,103.11,107.32,45383477,57097942.55,443.28
1688391000,106.91,107.55,105.34,106.2,36860653,57084622.55,438.55
1688995800,106.23,109.88,106.22,108.61,53794836,57926556.8,449.28
1689600600,108.42,110.345,108.17,109.55,42816853,57439156.45,452.18
1690205400,109.51,110.54,108.59,110.16,45383296,56174161.45,456.92
1690810200,110.3,111.12,108.07,108.24,44120772,52103234.95,446.81
1691415000,108.65,109.95,108.16,108.89,36993093,50352820.7,445.65
1692019800,108.81,108.99,105.35,106.24,44937632,50243091.6,436.5
1692624600,106.22,107.295,105.31,106.54,44887057,49613996.7,439.97
1693229400,107.06,109.15,107.01,108.8,37477670,48830696.7,451.19
1693920600,108.61,108.635,105.405,105.63,31429829,48122180.65,445.52
1694439000,105.89,106.1,104.1,105,46623653,47431145.25,443.37
1695043800,104.57,105.33,101.74,101.79,41999927,46603911.6,430.42
1695648600,101.35,102.63,100.62,101.38,52369604,46804572.3,427.48
1696253400,101.09,101.37,98.69,100.78,58708283,47186063.45,429.54
1696858200,101.17,103.92,100.98,101.75,46232160,46623262.45,431.5
1697463000,102.67,103.82,98.66,98.7,58810168,46720029.55,421.19
1698067800,98.55,99.655,96.115,96.44,60846758,47037006.1,410.68
1698672600,97.08,102.15,96.71,101.6,57239453,46576847.65,434.69
1699281000,101.68,102.655,100.395,102.55,43447306,46518124,440.61
1699885800,102.31,105.72,102.13,105.61,44633350,46480617.65,450.79
1700490600,105.5,106.54,105.06,106.34,28514567,46063313.35,455.3
1701095400,106,108.81,105.34,108.74,53616727,46054407.9,459.1
1701700200,107.89,109.49,107.89,108.96,45011183,46164124.4,460.2
1702305000,109.24,113.44,109.18,113.02,58156647,46802791.95,469.33
1702909800,112.68,113.525,111.37,113.13,33018756,46247691.15,473.65
1703601000,113.22,114.4,113.05,113.99,27252935,45760683.25,475.31
1704205800,113.23,113.94,111.03,111.43,45794215,45803512.4,467.92
1704724200,111.13,112.745,110.635,112.11,44130309,45765675,476.68
1705415400,111.55,112.74,109.95,112.45,37855099,45784546.45,482.43
1705933800,112.84,114.11,112.47,113.43,46757272,46550918.6,487.41
1706538600,113.32,116.08,112.865,115.58,55388597,46989165.8,494.35
1707143400,115.12,117.1,114.3,116.95,44455130,47111925.95,501.2
1707748200,116.88,118.86,115.09,118.03,54548910,47220891.25,499.51
1708439400,117.62,120.48,117.345,120.22,35627018,46066828,507.85
1708957800,120.21,121.59,119.715,121.52,42995557,45904997.85,512.85
1709562600,121.52,123.5,120.45,122.3,50624449,45495711.9,511.72
1710163800,121.92,122.86,120.815,122.04,46738779,44790312.95,509.83
1710768600,122.1,126.095,121.74,125.21,43158344,44086257.5,521.21
1711373400,125.18,126.29,123.895,125.96,29401011,43383942.75,523.07
1711978200,126.09,126.39,123.58,125.67,46923202,43498435.35,518.43
1712583000,125.85,126.06,122.38,122.9,49091094,44527261.7,510.85
1713187800,124.58,124.76,120.17,120.47,52532839,44473067.3,495.16
1713792600,121.2,123.235,120.6,122.66,48698112,44657413.75,508.26
1714397400,122.91,123.59,120.56,122.77,58453445,44672253.65,511.29
1715002200,123.58,126.22,123.47,125.68,30184725,44530552.1,520.84
1715607000,125.96,126.1,124.71,125.33,32306865,44783248.6,529.45
1716211800,125.36,126.03,123.595,124.46,34893429,44238209.3,529.44
1716903000,124.41,124.41,121.1,123.51,42771530,44170270.35,527.37
1717421400,123.91,123.96,120.87,122.33,47528634,44653947.1,534.01
1718026200,122.15,123.885,119.66,121.15,52338398,44933003.4,542.78
1718631000,120.73,123.56,120.54,122.97,35280469,43927597,544.51
1719235800,122.88,124.205,121.21,121.87,41967312,43803206.1,544.22
1719840600,122.44,122.69,120.245,121.22,28632456,42507383.4,554.64
1720445400,121.56,124.905,120.76,124.18,40639381,42758001.55,559.99
1721050200,124.55,128.31,124.28,124.87,58916524,43554049.9,548.99
1721655000,125.46,127.185,123.03,126.3,54498659,43747760.4,544.44
1722259800,126.7,129.075,121.57,122.73,61904935,44506068.2,532.9
1722864600,120.38,124.53,119.165,124.28,55920519,45144176.95,532.99
1723469400,124.29,127.51,123.245,126.97,30214276,45184840.2,554.31
1724074200,127.08,129.58,126.94,129.28,27159276,44196643.9,562.13
1724679000,129.56,131.59,128.51,131.46,31138276,43299003,563.68
1725370200,130.81,131.02,125.64,125.89,34754224,42410072.25,540.36
1725888600,126.96,131.06,125.11,130.57,36449930,41797663.15,562.01
1726493400,131.14,134.37,130.45,133.18,43278530,41038917.4,568.25
1727098200,133.26,135.7,132.76,134.83,32694454,41164403.85,571.47
1727703000,134.83,136.155,134.04,135.51,32068896,41152505.4,572.98
1728307800,134.84,138.47,134.51,138.42,30043760,40910021.95,579.58
1728912600,138.39,139.77,137.85,139.27,32681549,40405522.9,584.59
1729517400,139.25,139.45,135.12,135.4,35397298,39798956.1,579.04
1730122200,136.08,136.4,133.41,134.01,52916292,39827850.8,571.04
1730730600,134.15,142.525,133.49,142.09,50285902,40578122.45,598.19
1731335400,142.89,143.715,138.75,139.11,38037674,40381640.55,585.75
1731940200,139.09,142.69,137.82,142.65,36098686,40754952.05,595.51
1732545000,143.38,144.51,142.83,143.99,22589359,39852450.95,602.55
1733149800,143.9,144.11,140.33,140.56,27140065,38263628,607.81
1733754600,140.59,140.75,137.29,137.43,34777583,37277574.2,604.21
1734359400,137.58,138.06,131.81,133.82,51220953,36743375.1,591.15
1734964200,132.99,134.59,132.015,133.26,21804792,35037588.75,595.01
1735569000,131.81,133,130.64,132.72,29639633,35008856.6,591.95
1736173800,133.4,133.825,131.05,131.33,32016175,35251701.55,580.49
1736778600,130.59,138.265,130.445,137.75,37722702,35580922.85,597.58
1737469800,138.96,141.8965,138.96,141.07,33194856,35502954.45,607.97
1737988200,138.93,139.74,137.59,138.35,47226211,36041768.5,601.82
1738593000,135.93,138.545,135.33,137.33,47440488,36249866.4,600.77
1739197800,138.22,138.68,136.41,137.55,33267860,36278536.7,609.7
1739889000,138.02,139.08,134.31,134.84,40549346,36702559.2,599.94
1740407400,135.36,136.455,133.49,136.33,48617877,37631265.05,594.18
1741012200,137.12,137.64,130.79,134.25,69525556,39473465.4,575.92
1741613400,132.54,134.08,128.265,131.13,60546559,40730928.45,562.81
1742218200,130.94,134.39,130.8,132.25,41359791,40153103.4,563.98
1742823000,133.43,135.378,130.08,130.15,39294526,39603534.6,555.66
1743427800,129.14,133.515,117.79,117.94,69249227,41164112.25,505.28
1744032600,114.65,127.55,112.75,125.67,140385641,46378460,533.94
1744637400,127.19,127.82,123.64,125.3,30185052,46758244.65,526.41
1745242200,124.09,129.5,121.14,129.01,39267531,47364617.95,550.64
1745847000,129.23,135.11,127.8509,134.58,35341565,47392817.05,566.76
1746451800,133.76,137.35,132.955,136.11,27688677,46216203.25,564.34
1747056600,140.31,143.78,138.98,143.78,35781277,46915027.5,594.2
1747661400,142.39,144.46,139.63,140.83,39111895,47388640.6,579.11
1748352600,142.49,143.79,141.56,142.82,47282179,48151940.8,589.39
1748871000,142.63,145.56,140.84,144.93,56617704,49096690.9,599.14
1749475800,145.31,145.52,142.22,142.65,67783760,50826136.1,597
1750080600,143.5,144.53,141.89,142.37,54359955,51182823.3,594.28
1750685400,142.2,147.43,141.28,146.79,60281971,51824897.45,614.91
1751290200,147.06,149.5378,146.5802,149.42,40030596,52163034.25,625.34
1751895000,149.395,151.255,147.87,150.2,51158203,52693477.1,623.62
1752499800,150.19,152.475,148.39,151.46,52923322,52908749.35,627.58
1753104600,151.93,155.06,149.705,154.99,60963088,52480625.95,637.1
1753709400,155.07,155.15,148.13,149.74,72269527,53066774.35,621.72
1754314200,150.26,151.84,149.78,150.83,55037247,53750647.15,637.18
1754919000,150.85,152.565,149.975,150.44,50261413,54298991.5,643.44
1755523800,150.45,154.195,150.27,153.14,42906026,52981831.45,645.31
1756128600,152.88,153.75,151.41,152.01,35646307,47744864.75,645.05
1756819800,150.42,152.08,149.1,150.93,48764801,48673852.2,647.24
1757338200,151.13,153.27,149.325,151.58,67069985,50063974.9,657.41
1757943000,151.93,153.455,150.15,153.12,54149108,51004352.05,663.7
1758547800,152,154.26,150.615,152.58,34321083,51335972.35,661.82
1759152600,153.77,155.41,152.53,154.41,40067995,51550308.25,669.21
1759757400,154.91,155.94,149.89,149.9,61788356,52684131.3,653.02
1760362200,151,154.65,149.98,151.73,56971282,53168586.45,664.39
1760967000,152.54,156.035,152.41,154.91,48932121,52784307.3,677.25
1761571800,155.97,156.985,154.285,155.06,53545550,52072396.8,682.06
1762180200,155.05,155.05,151.14,153.33,59565227,52332660.4,670.97
1762785000,154,155.535,150.79,152.01,58044716,52220797.65,671.93
1763389800,152.01,152.72,147.135,149.63,96463863,55042461,659.03
1763994600,149.82,153.86,148.93,153.69,40008850,54484993.35,683.39
1764599400,152.54,155.47,151.365,154.58,47024291,54190041.8,685.69
1765204200,154.77,158.46,153.19,156.74,49622620,53623018.4,681.76
1765809000,157.58,157.74,153.365,155.86,49759251,52497504.6,680.59
1766413800,156.07,157.69,155.71,157.21,16807427,50586013.6,690.31
1767018600,156.91,158.005,154.98,157.98,22080625,49176974.2,683.17
1767623400,158.3,162.6,158.3,161.93,62279422,50145644,694.07
1768228200,161.63,167.2,161.37,166.9,50409072,50883782.25,691.66
1768919400,164.76,167.01,163.18,164.22,50115506,50951317.5,689.23
1769437800,164.22,166.91,163.52,165.44,55760743,50385855.4,691.97
1770042600,165.22,173.39,165.055,173.18,79940349,51675417.45,690.62
1770647400,172.81,177.755,172.45,174.17,62619617,53090344.15,681.75
1771338600,173.92,178.22,173.4,177.23,50969787,53635433.75,689.43
1771857000,176.41,177.76,173.91,177.14,55538377,53322934.8,685.99
1772461800,176.5,179.305,168.26,169.94,99993678,55474054.6,672.38
1773063000,168.14,172.38,163.725,164.65,82332932,57144095.15,662.29
1773667800,166.17,167.555,160.305,161.67,72926318,58113133.55,648.57
1774272600,164.1,166.32,158.85,159.2,74164504,58843097.4,634.09
1774877400,160.55,165.765,156.08,163.77,61448125,59013267.85,655.83
1775482200,163.54,173.16,162.77,171.52,43332316,56356690.5,679.46
1776087000,170.99,172.78,170.61,172.73,6814093,54696952.65,686.1