feature,scale_pct,ticker,n_total,n_near,n_far,kl_near_vs_far,kl_near_to_far,kl_far_to_near,cohens_d,abs_cohens_d,overlap,mann_whitney_p,rank_biserial_r,near_mean,near_std,near_median,far_mean,far_std,far_median,lift_max,lift_lo,lift_hi,prec_lo,prec_hi,base_rate,selectivity_5v3,is_significant,kl_near_vs_far_rank,abs_cohens_d_rank,lift_max_rank,overlap_inv_rank,composite_score
wave_slope,7,UNIVERSAL,91252,16805,56142,0.1946,0.2230,0.1662,-0.4464,0.4464,0.7625,0.0000,0.2061,-0.0624,0.4915,-0.0246,0.0855,0.2651,0.0878,3.2159,3.2159,1.7128,0.4872,0.2595,0.1842,0.0000,True,0.9246,0.9333,0.9855,0.9304,0.9432
wave_slope,5,UNIVERSAL,91252,25542,42298,0.1912,0.2228,0.1595,-0.4150,0.4150,0.7649,0.0000,0.2185,-0.0391,0.4525,-0.0083,0.1026,0.2520,0.1027,2.5886,2.5886,1.5597,0.6252,0.3767,0.2799,-0.2116,True,0.9217,0.9101,0.9188,0.9188,0.9175
conj_wave_tide,7,UNIVERSAL,91252,16805,56142,0.1788,0.2064,0.1513,-0.3875,0.3875,0.7688,0.0000,0.1941,-0.0916,0.4970,-0.0649,0.0390,0.2713,0.0356,3.1246,3.1246,1.8127,0.4745,0.2753,0.1842,0.0000,True,0.9014,0.8841,0.9797,0.9043,0.9172
vwap_sigma_current,7,UNIVERSAL,91252,16805,56142,0.1579,0.1744,0.1415,-0.5470,0.5470,0.7702,0.0000,0.2768,-0.0487,1.4787,-0.1374,0.6579,1.2304,0.8775,2.5934,2.5934,0.8910,0.4203,0.1444,0.1842,0.0000,True,0.8435,0.9739,0.9275,0.9014,0.9087
conj_wave_tide,5,UNIVERSAL,91252,25542,42298,0.1887,0.2198,0.1576,-0.3697,0.3697,0.7661,0.0000,0.2089,-0.0724,0.4604,-0.0535,0.0562,0.2570,0.0510,2.5277,2.5277,1.6355,0.6103,0.3949,0.2799,-0.1856,True,0.9130,0.8696,0.8957,0.9130,0.8978
vwap_sigma_tide,7,UNIVERSAL,91252,16805,56142,0.1490,0.1630,0.1351,-0.5746,0.5746,0.7777,0.0000,0.2858,0.2282,1.4526,0.3006,0.9408,1.1693,1.1612,2.6700,2.6700,0.8950,0.4433,0.1486,0.1842,0.0000,True,0.8087,0.9855,0.9420,0.8580,0.8961
vwap_sigma_current,5,UNIVERSAL,91252,25542,42298,0.1681,0.1809,0.1553,-0.5893,0.5893,0.7558,0.0000,0.3135,0.0178,1.4067,-0.0145,0.7767,1.2103,1.0325,1.9890,1.9890,0.7854,0.5179,0.2045,0.2799,-0.2232,True,0.8812,0.9913,0.7768,0.9449,0.8954
current_accel,5,UNIVERSAL,91252,25542,42298,0.1894,0.2233,0.1555,-0.3151,0.3151,0.7710,0.0000,0.2075,-0.0021,0.0155,-0.0025,0.0017,0.0089,0.0012,2.6448,2.6448,1.6837,0.6331,0.4030,0.2799,-0.1607,True,0.9188,0.8232,0.9362,0.8957,0.8946
d_current_slope,5,UNIVERSAL,91252,25542,42298,0.1892,0.2230,0.1554,-0.3150,0.3150,0.7712,0.0000,0.2075,-0.0021,0.0155,-0.0025,0.0017,0.0089,0.0012,2.6450,2.6450,1.6837,0.6331,0.4030,0.2799,-0.1606,True,0.9159,0.8203,0.9391,0.8928,0.8932
kf_conjugation_pred_val,7,UNIVERSAL,91252,16805,56142,0.1658,0.1889,0.1427,-0.3764,0.3764,0.7756,0.0000,0.1905,-0.0953,0.5270,-0.0692,0.0405,0.2931,0.0368,3.0140,3.0140,1.7663,0.4611,0.2702,0.1842,0.0000,True,0.8580,0.8754,0.9623,0.8638,0.8896
current_slope,7,UNIVERSAL,91252,16805,56142,0.1663,0.1940,0.1387,-0.3941,0.3941,0.7920,0.0000,0.1690,-0.0168,0.3045,0.0121,0.0644,0.1655,0.0641,3.1746,3.1746,1.7600,0.4835,0.2680,0.1842,0.0000,True,0.8609,0.8899,0.9826,0.8000,0.8864
tide_accel,7,UNIVERSAL,91252,16805,56142,0.1717,0.2022,0.1412,-0.3289,0.3289,0.7894,0.0000,0.1962,-0.0003,0.0018,-0.0003,0.0001,0.0012,0.0000,3.1159,3.1159,1.6498,0.4771,0.2526,0.1842,0.0000,True,0.8928,0.8348,0.9768,0.8087,0.8825
kf_conjugation_pred_val,5,UNIVERSAL,91252,25542,42298,0.1772,0.2051,0.1494,-0.3610,0.3610,0.7744,0.0000,0.2053,-0.0755,0.4890,-0.0566,0.0588,0.2787,0.0535,2.4615,2.4615,1.5761,0.5989,0.3835,0.2799,-0.1785,True,0.8986,0.8638,0.8783,0.8812,0.8813
d_tide_slope,7,UNIVERSAL,91252,16805,56142,0.1715,0.2020,0.1409,-0.3290,0.3290,0.7896,0.0000,0.1964,-0.0003,0.0018,-0.0003,0.0001,0.0012,0.0000,3.1153,3.1153,1.6498,0.4771,0.2527,0.1842,0.0000,True,0.8899,0.8377,0.9739,0.8058,0.8810
rsi_value,5,UNIVERSAL,91252,25542,42298,0.1616,0.1716,0.1516,-0.5626,0.5626,0.7587,0.0000,0.3120,49.7212,12.6070,49.0000,56.3933,11.3856,57.0000,1.9635,1.9635,0.7906,0.5160,0.2078,0.2799,-0.1852,True,0.8464,0.9826,0.7739,0.9362,0.8803
wave_slope,3,UNIVERSAL,91252,42076,22946,0.2098,0.2428,0.1769,-0.3781,0.3781,0.7552,0.0000,0.2391,-0.0055,0.4065,0.0162,0.1285,0.2299,0.1283,1.8315,1.8315,1.3804,0.7723,0.5821,0.4611,0.0000,True,0.9507,0.8783,0.7362,0.9478,0.8784
current_accel,7,UNIVERSAL,91252,16805,56142,0.1647,0.1906,0.1389,-0.3102,0.3102,0.7824,0.0000,0.1826,-0.0025,0.0166,-0.0028,0.0011,0.0095,0.0006,3.3019,3.3019,1.8853,0.4955,0.2829,0.1842,0.0000,True,0.8551,0.8116,0.9913,0.8348,0.8742
d_current_slope,7,UNIVERSAL,91252,16805,56142,0.1646,0.1904,0.1388,-0.3100,0.3100,0.7824,0.0000,0.1826,-0.0025,0.0166,-0.0028,0.0011,0.0095,0.0006,3.3019,3.3019,1.8853,0.4955,0.2829,0.1842,0.0000,True,0.8522,0.8087,0.9884,0.8319,0.8713
conj_wave_tide,3,UNIVERSAL,91252,42076,22946,0.2124,0.2482,0.1767,-0.3436,0.3436,0.7531,0.0000,0.2315,-0.0422,0.4152,-0.0314,0.0821,0.2332,0.0777,1.7964,1.7964,1.4122,0.7574,0.5954,0.4611,0.0000,True,0.9536,0.8580,0.7043,0.9565,0.8680
kf_rsi_pred_val,5,UNIVERSAL,91252,25542,42298,0.1521,0.1631,0.1411,-0.5419,0.5419,0.7677,0.0000,0.2984,49.5568,13.7349,48.8746,56.4896,12.1886,57.1615,1.9961,1.9961,0.8038,0.5214,0.2099,0.2799,-0.1688,True,0.8174,0.9652,0.7797,0.9072,0.8629
kf_price_pred_val,5,UNIVERSAL,91252,25542,42298,0.2640,0.3126,0.2155,-0.0902,0.0902,0.7268,0.0000,0.0554,-0.0315,2.3625,-0.0105,0.1184,1.0274,0.1037,2.9589,2.9589,2.6252,0.6568,0.5827,0.2799,-0.0288,False,0.9826,0.5275,0.9565,0.9797,0.8617
kf_price_pred_val,7,UNIVERSAL,91252,16805,56142,0.2301,0.2652,0.1950,-0.0811,0.0811,0.7375,0.0000,0.0455,-0.0311,2.6021,-0.0100,0.0985,1.1366,0.0904,3.5763,3.5763,3.2231,0.4948,0.4460,0.1842,0.0000,False,0.9710,0.4870,1.0000,0.9681,0.8567
geo_exit_align,7,UNIVERSAL,91252,16805,56142,0.1476,0.1629,0.1322,-0.5238,0.5238,0.7778,0.0000,0.2569,0.0494,0.6963,0.0364,0.3724,0.5907,0.6260,2.1414,2.1414,0.9487,0.3598,0.1594,0.1842,0.0000,True,0.8029,0.9609,0.8072,0.8536,0.8536
kf_conjugation_pred_val,3,UNIVERSAL,91252,42076,22946,0.2027,0.2361,0.1692,-0.3390,0.3390,0.7584,0.0000,0.2289,-0.0446,0.4419,-0.0333,0.0862,0.2533,0.0805,1.7683,1.7683,1.3693,0.7488,0.5799,0.4611,0.0000,True,0.9449,0.8493,0.6783,0.9391,0.8532
geo_velocity_align,7,UNIVERSAL,91252,16805,56142,0.1476,0.1629,0.1322,0.5238,0.5238,0.7778,0.0000,-0.2569,-0.0494,0.6963,-0.0364,-0.3724,0.5907,-0.6260,2.1414,0.9487,2.1414,0.1594,0.3598,0.1842,0.0000,True,0.8000,0.9609,0.8072,0.8536,0.8528
vwap_sigma_current,3,UNIVERSAL,91252,42076,22946,0.2219,0.2279,0.2159,-0.6626,0.6626,0.7137,0.0000,0.3733,0.1347,1.3408,0.1927,0.9849,1.1699,1.2721,1.4660,1.4660,0.7163,0.6638,0.3243,0.4611,0.0000,True,0.9623,0.9971,0.4580,0.9855,0.8496
current_accel,3,UNIVERSAL,91252,42076,22946,0.1983,0.2353,0.1613,-0.2830,0.2830,0.7623,0.0000,0.2166,-0.0012,0.0141,-0.0016,0.0023,0.0082,0.0018,1.8465,1.8465,1.4202,0.7788,0.5989,0.4611,0.0000,True,0.9333,0.7855,0.7420,0.9333,0.8486
rsi_value,3,UNIVERSAL,91252,42076,22946,0.2424,0.2445,0.2403,-0.6792,0.6792,0.6963,0.0000,0.3863,50.5870,11.9472,50.3000,58.5448,11.2794,59.7000,1.4377,1.4377,0.7208,0.6550,0.3284,0.4611,0.0000,True,0.9739,1.0000,0.4232,1.0000,0.8480
rsi_value,7,UNIVERSAL,91252,16805,56142,0.1327,0.1448,0.1206,-0.4942,0.4942,0.7841,0.0000,0.2647,49.3578,13.2551,48.5000,55.2323,11.4448,55.6000,2.5223,2.5223,0.8835,0.4170,0.1461,0.1842,0.0000,True,0.7391,0.9507,0.8928,0.8232,0.8472
d_current_slope,3,UNIVERSAL,91252,42076,22946,0.1981,0.2350,0.1612,-0.2830,0.2830,0.7625,0.0000,0.2166,-0.0012,0.0141,-0.0016,0.0023,0.0082,0.0018,1.8468,1.8468,1.4202,0.7789,0.5989,0.4611,0.0000,True,0.9304,0.7826,0.7449,0.9275,0.8465
kf_rsi_pred_val,3,UNIVERSAL,91252,42076,22946,0.2276,0.2319,0.2233,-0.6592,0.6592,0.7108,0.0000,0.3752,50.4131,12.9563,50.1564,58.7402,12.0151,59.9617,1.4509,1.4509,0.7288,0.6592,0.3311,0.4611,0.0000,True,0.9681,0.9942,0.4348,0.9884,0.8454
vwap_sigma_tide,5,UNIVERSAL,91252,25542,42298,0.1456,0.1598,0.1314,-0.5545,0.5545,0.7873,0.0000,0.2881,0.3279,1.4042,0.4814,1.0196,1.1425,1.2360,2.1239,2.1239,0.8504,0.5550,0.2222,0.2799,-0.2331,True,0.7913,0.9768,0.7971,0.8145,0.8438
tide_accel,5,UNIVERSAL,91252,25542,42298,0.1697,0.2021,0.1372,-0.2919,0.2919,0.7945,0.0000,0.1840,-0.0002,0.0017,-0.0003,0.0002,0.0011,0.0001,2.5186,2.5186,1.5257,0.6112,0.3703,0.2799,-0.1549,True,0.8870,0.7884,0.8899,0.7855,0.8428
d_tide_slope,5,UNIVERSAL,91252,25542,42298,0.1695,0.2019,0.1372,-0.2920,0.2920,0.7945,0.0000,0.1841,-0.0002,0.0017,-0.0003,0.0002,0.0011,0.0001,2.5184,2.5184,1.5254,0.6113,0.3703,0.2799,-0.1550,True,0.8841,0.7913,0.8870,0.7884,0.8425
vwap_spread_tide_wave,7,UNIVERSAL,91252,16805,56142,0.1575,0.1867,0.1282,0.2710,0.2710,0.8028,0.0000,-0.1449,-2.9826,15.5210,-3.0506,-5.9616,9.2149,-5.7004,3.1064,1.9356,3.1064,0.2956,0.4745,0.1842,0.0000,True,0.8406,0.7710,0.9710,0.7652,0.8407
vwap_spread_tide_wave,5,UNIVERSAL,91252,25542,42298,0.1831,0.2218,0.1444,0.2051,0.2051,0.7800,0.0000,-0.1111,-3.6722,14.9432,-3.8815,-5.9935,8.3987,-5.7168,2.5594,1.7595,2.5594,0.4199,0.6108,0.2799,0.1107,True,0.9072,0.6899,0.9072,0.8464,0.8407
conj_current_tide,7,UNIVERSAL,91252,16805,56142,0.1499,0.1735,0.1263,-0.3137,0.3137,0.8072,0.0000,0.1560,-0.0459,0.2962,-0.0364,0.0180,0.1664,0.0130,3.0830,3.0830,1.8180,0.4716,0.2781,0.1842,0.0000,True,0.8116,0.8174,0.9681,0.7507,0.8400
current_slope,5,UNIVERSAL,91252,25542,42298,0.1622,0.1944,0.1299,-0.3004,0.3004,0.7991,0.0000,0.1425,0.0027,0.2895,0.0251,0.0672,0.1526,0.0683,2.5766,2.5766,1.7784,0.6204,0.4282,0.2799,-0.1729,True,0.8493,0.8029,0.9159,0.7768,0.8399
vwap_sigma_tide,3,UNIVERSAL,91252,42076,22946,0.1679,0.1847,0.1511,-0.5591,0.5591,0.7743,0.0000,0.3094,0.4511,1.3534,0.6474,1.1595,1.0908,1.3866,1.6440,1.6440,0.8288,0.7338,0.3699,0.4611,0.0000,True,0.8783,0.9797,0.6145,0.8841,0.8388
kf_rsi_pred_val,7,UNIVERSAL,91252,16805,56142,0.1278,0.1402,0.1154,-0.4734,0.4734,0.7943,0.0000,0.2507,49.2283,14.4265,48.4734,55.2943,12.2904,55.6849,2.5436,2.5436,0.9056,0.4186,0.1490,0.1842,0.0000,True,0.7217,0.9391,0.9014,0.7913,0.8349
vwap_spread_current_wave,7,UNIVERSAL,91252,16805,56142,0.1353,0.1574,0.1131,0.3899,0.3899,0.8125,0.0000,-0.1806,0.1516,4.6406,-0.1764,-1.1571,2.8630,-1.0685,2.9718,1.4989,2.9718,0.2347,0.4653,0.1842,0.0000,True,0.7478,0.8870,0.9594,0.7333,0.8326
current_slope,3,UNIVERSAL,91252,42076,22946,0.2079,0.2583,0.1576,-0.2193,0.2193,0.7737,0.0000,0.1243,0.0206,0.2638,0.0361,0.0704,0.1353,0.0725,1.8887,1.8887,1.5651,0.7854,0.6509,0.4611,0.0000,True,0.9478,0.7043,0.7565,0.8870,0.8270
kf_price_pred_val,3,UNIVERSAL,91252,42076,22946,0.3584,0.4525,0.2643,-0.0888,0.0888,0.7011,0.0000,0.0646,-0.0082,2.0637,0.0045,0.1459,0.8504,0.1210,2.1174,2.1174,1.9259,0.8380,0.7622,0.4611,0.0000,False,0.9942,0.5159,0.7942,0.9913,0.8241
vwap_spread_tide_wave,3,UNIVERSAL,91252,42076,22946,0.2989,0.4352,0.1627,0.1538,0.1538,0.7708,0.0000,-0.0956,-4.2692,13.7452,-4.3798,-6.1074,7.6353,-5.8684,1.8554,1.5092,1.8554,0.6277,0.7716,0.4611,0.0000,False,0.9913,0.6174,0.7507,0.8986,0.8191
d_tide_slope,3,UNIVERSAL,91252,42076,22946,0.2003,0.2421,0.1585,-0.2317,0.2317,0.7749,0.0000,0.1777,-0.0001,0.0016,-0.0002,0.0002,0.0009,0.0001,1.8241,1.8241,1.4095,0.7673,0.5929,0.4611,0.0000,True,0.9391,0.7130,0.7304,0.8725,0.8171
tide_accel,3,UNIVERSAL,91252,42076,22946,0.2002,0.2420,0.1585,-0.2316,0.2316,0.7747,0.0000,0.1776,-0.0001,0.0016,-0.0002,0.0002,0.0009,0.0001,1.8239,1.8239,1.4095,0.7672,0.5929,0.4611,0.0000,True,0.9362,0.7101,0.7275,0.8783,0.8159
geo_velocity_align,5,UNIVERSAL,91252,25542,42298,0.1415,0.1546,0.1284,0.5178,0.5178,0.7801,0.0000,-0.2569,-0.0936,0.6830,-0.1613,-0.4128,0.5726,-0.6638,1.7788,0.9314,1.7788,0.2444,0.4668,0.2799,0.2133,True,0.7710,0.9551,0.6855,0.8406,0.8096
geo_exit_align,5,UNIVERSAL,91252,25542,42298,0.1415,0.1546,0.1284,-0.5178,0.5178,0.7801,0.0000,0.2569,0.0936,0.6830,0.1613,0.4128,0.5726,0.6638,1.7788,1.7788,0.9314,0.4668,0.2444,0.2799,-0.2133,True,0.7681,0.9551,0.6855,0.8435,0.8093
geo_velocity_align,3,UNIVERSAL,91252,42076,22946,0.1678,0.1847,0.1510,0.5439,0.5439,0.7546,0.0000,-0.2840,-0.1492,0.6671,-0.2911,-0.4883,0.5343,-0.7157,1.4607,0.9004,1.4607,0.4014,0.6512,0.4611,0.0000,True,0.8739,0.9696,0.4449,0.9522,0.8062
geo_exit_align,3,UNIVERSAL,91252,42076,22946,0.1678,0.1847,0.1510,-0.5439,0.5439,0.7546,0.0000,0.2840,0.1492,0.6671,0.2911,0.4883,0.5343,0.7157,1.4607,1.4607,0.9004,0.6512,0.4014,0.4611,0.0000,True,0.8739,0.9696,0.4449,0.9522,0.8062
kf_price_filt_vel,7,UNIVERSAL,91252,16805,56142,0.2181,0.2498,0.1864,0.0235,0.0235,0.7472,0.1451,0.0074,0.0110,0.8262,-0.0147,-0.0009,0.3558,-0.0080,3.4649,3.3416,3.4649,0.4633,0.4804,0.1842,0.0000,False,0.9580,0.2826,0.9957,0.9609,0.7991
kf_price_pred_vel,7,UNIVERSAL,91252,16805,56142,0.2181,0.2498,0.1864,0.0235,0.0235,0.7472,0.1451,0.0074,0.0110,0.8262,-0.0147,-0.0009,0.3558,-0.0080,3.4649,3.3416,3.4649,0.4633,0.4804,0.1842,0.0000,False,0.9580,0.2826,0.9957,0.9609,0.7991
sigma_tide,7,UNIVERSAL,91252,16805,56142,0.1149,0.1340,0.0958,-0.4053,0.4053,0.8304,0.0000,0.1959,-0.3554,1.6599,-0.3089,0.2060,1.2915,0.2484,2.8891,2.8891,1.2058,0.4620,0.1928,0.1842,0.0000,True,0.6754,0.8986,0.9536,0.6551,0.7967
conj_current_tide,3,UNIVERSAL,91252,42076,22946,0.1956,0.2414,0.1497,-0.1793,0.1793,0.7853,0.0000,0.1220,-0.0161,0.2586,-0.0134,0.0239,0.1355,0.0212,1.8549,1.8549,1.5790,0.7749,0.6597,0.4611,0.0000,False,0.9275,0.6551,0.7478,0.8203,0.7930
fear_level,3,UNIVERSAL,91252,42076,22946,0.1530,0.1730,0.1329,0.4844,0.4844,0.7754,0.0000,-0.2649,2.1830,1.4682,2.0000,1.5089,1.2394,2.0000,1.5659,0.8838,1.5659,0.3942,0.6985,0.4611,0.0000,True,0.8232,0.9449,0.5391,0.8667,0.7913
conj_current_tide,5,UNIVERSAL,91252,25542,42298,0.1458,0.1719,0.1197,-0.2422,0.2422,0.8136,0.0000,0.1349,-0.0305,0.2828,-0.0227,0.0208,0.1539,0.0165,2.5287,2.5287,1.7496,0.6103,0.4223,0.2799,-0.1421,True,0.7942,0.7304,0.8986,0.7275,0.7910
vwap_sigma_wave,3,UNIVERSAL,91252,42076,22946,0.1884,0.1918,0.1850,-0.5857,0.5857,0.7253,0.0000,0.3354,0.0521,1.3473,0.0725,0.8192,1.2376,1.1486,1.2905,1.2905,0.7889,0.5911,0.3613,0.4611,0.0000,True,0.9101,0.9884,0.2870,0.9826,0.7884
kf_price_filt_vel,5,UNIVERSAL,91252,25542,42298,0.2554,0.3005,0.2103,0.0157,0.0157,0.7308,0.1804,0.0061,0.0071,0.7516,-0.0111,-0.0012,0.3214,-0.0083,2.8628,2.8410,2.8628,0.6292,0.6340,0.2799,0.0099,False,0.9783,0.2246,0.9493,0.9725,0.7814
kf_price_pred_vel,5,UNIVERSAL,91252,25542,42298,0.2554,0.3005,0.2103,0.0157,0.0157,0.7308,0.1804,0.0061,0.0071,0.7516,-0.0111,-0.0012,0.3214,-0.0083,2.8628,2.8410,2.8628,0.6292,0.6340,0.2799,0.0099,False,0.9783,0.2246,0.9493,0.9725,0.7814
fear_level,5,UNIVERSAL,91252,25542,42298,0.1165,0.1295,0.1035,0.4447,0.4447,0.8009,0.0000,-0.2345,2.2828,1.5011,2.0000,1.6705,1.2961,2.0000,1.9184,0.8580,1.9184,0.2277,0.5091,0.2799,0.1736,True,0.6783,0.9304,0.7623,0.7710,0.7809
geo_phase_angle,3,UNIVERSAL,91252,42076,22946,0.1744,0.1822,0.1666,-0.4557,0.4557,0.7394,0.0000,0.2332,0.0297,1.4674,0.2461,0.6563,1.1868,1.1684,1.3496,1.3496,1.2432,0.5898,0.5434,0.4611,0.0000,True,0.8957,0.9362,0.3333,0.9652,0.7791
vwap_spread_current_wave,5,UNIVERSAL,91252,25542,42298,0.1264,0.1502,0.1026,0.3347,0.3347,0.8281,0.0000,-0.1714,-0.1034,4.4360,-0.3722,-1.2627,2.7125,-1.1847,2.4094,1.4663,2.4094,0.3620,0.5948,0.2799,0.1780,True,0.7159,0.8435,0.8725,0.6638,0.7765
vwap_spread_tide_current,5,UNIVERSAL,91252,25542,42298,0.1566,0.1867,0.1264,0.1327,0.1327,0.7930,0.0000,-0.0631,-3.3536,12.6199,-3.4978,-4.6268,7.1706,-4.3630,2.3973,1.8267,2.3973,0.4389,0.5759,0.2799,0.0744,False,0.8348,0.5942,0.8696,0.7971,0.7758
fear_level,7,UNIVERSAL,91252,16805,56142,0.1034,0.1150,0.0917,0.4248,0.4248,0.8172,0.0000,-0.2189,2.3449,1.5317,2.0000,1.7594,1.3290,2.0000,2.2287,0.8588,2.2287,0.1474,0.3824,0.1842,0.0000,True,0.6435,0.9159,0.8261,0.7130,0.7712
vwap_wave,5,UNIVERSAL,91252,25542,42298,0.1503,0.1574,0.1432,-0.1932,0.1932,0.8183,0.0000,0.1829,106.8190,116.4818,76.2750,130.2489,124.1082,98.0600,2.3649,2.3649,0.8827,0.6064,0.2263,0.2799,-0.1085,False,0.8145,0.6812,0.8580,0.7043,0.7700
channel_sentiment,3,UNIVERSAL,91252,42076,22946,0.1538,0.1607,0.1469,-0.3421,0.3421,0.7753,0.0000,0.1798,-0.0674,0.4652,-0.1797,0.0804,0.3630,0.1840,1.5650,1.5650,1.1884,0.6808,0.5170,0.4611,0.0000,True,0.8261,0.8551,0.5362,0.8696,0.7696
vwap_spread_tide_current,3,UNIVERSAL,91252,42076,22946,0.2240,0.2996,0.1484,0.0902,0.0902,0.7831,0.0000,-0.0472,-3.6939,11.6474,-3.7198,-4.6078,6.4931,-4.3699,1.8296,1.5581,1.8296,0.6523,0.7659,0.4611,0.0000,False,0.9652,0.5246,0.7333,0.8261,0.7693
reg_value_current,5,UNIVERSAL,91252,25542,42298,0.1442,0.1574,0.1310,-0.1964,0.1964,0.8139,0.0000,0.1863,107.3110,117.5449,75.6400,131.3482,125.1857,98.4950,2.3728,2.3728,0.8846,0.6084,0.2268,0.2799,-0.1104,False,0.7884,0.6841,0.8609,0.7246,0.7677
geo_phase_angle,5,UNIVERSAL,91252,25542,42298,0.1421,0.1476,0.1365,-0.4021,0.4021,0.7653,0.0000,0.2046,-0.0589,1.4932,-0.1238,0.4881,1.2738,1.0619,1.5312,1.5312,1.3686,0.3935,0.3517,0.2799,-0.1541,True,0.7768,0.8928,0.5043,0.9159,0.7655
geo_phase_angle,7,UNIVERSAL,91252,16805,56142,0.1311,0.1377,0.1245,-0.3794,0.3794,0.7748,0.0000,0.1937,-0.1154,1.5054,-0.4032,0.4012,1.3156,0.9751,1.6149,1.6149,1.3351,0.2686,0.2221,0.1842,0.0000,True,0.7304,0.8812,0.5855,0.8754,0.7609
tide_slope,3,UNIVERSAL,91252,42076,22946,0.2962,0.4583,0.1340,-0.0898,0.0898,0.8003,0.0000,0.0291,0.0367,0.1260,0.0415,0.0464,0.0657,0.0437,1.7999,1.7999,1.5540,0.7541,0.6511,0.4611,0.0000,False,0.9855,0.5188,0.7101,0.7739,0.7577
vwap_sigma_wave,5,UNIVERSAL,91252,25542,42298,0.1224,0.1270,0.1179,-0.4890,0.4890,0.7771,0.0000,0.2704,-0.0329,1.3906,-0.0876,0.6144,1.2816,0.9010,1.5690,1.5690,0.8132,0.4232,0.2193,0.2799,-0.1609,True,0.7072,0.9478,0.5420,0.8609,0.7568
tide_slope,5,UNIVERSAL,91252,25542,42298,0.1522,0.1813,0.1231,-0.1276,0.1276,0.8078,0.0000,0.0433,0.0332,0.1379,0.0403,0.0464,0.0746,0.0433,2.3461,2.3461,1.8378,0.5685,0.4453,0.2799,-0.0697,False,0.8203,0.5913,0.8493,0.7478,0.7558
vwap_spread_tide_current,7,UNIVERSAL,91252,16805,56142,0.1258,0.1474,0.1042,0.1907,0.1907,0.8229,0.0000,-0.0966,-2.9085,13.0909,-3.0265,-4.6901,7.8820,-4.4702,2.7924,2.0047,2.7924,0.3092,0.4306,0.1842,0.0000,False,0.7130,0.6754,0.9449,0.6812,0.7552
sigma_tide,5,UNIVERSAL,91252,25542,42298,0.1050,0.1216,0.0884,-0.4032,0.4032,0.8355,0.0000,0.2067,-0.2826,1.5850,-0.2343,0.2799,1.2665,0.3250,2.2561,2.2561,1.1119,0.5744,0.2831,0.2799,-0.1579,True,0.6493,0.8957,0.8319,0.6290,0.7525
vwap_spread_current_wave,3,UNIVERSAL,91252,42076,22946,0.1557,0.2002,0.1111,0.2790,0.2790,0.8175,0.0000,-0.1676,-0.3889,4.0969,-0.5445,-1.3984,2.5165,-1.3365,1.7440,1.3570,1.7440,0.5798,0.7451,0.4611,0.0000,True,0.8290,0.7768,0.6696,0.7101,0.7523
kf_price_filt_vel,3,UNIVERSAL,91252,42076,22946,0.3887,0.5147,0.2627,0.0136,0.0136,0.7006,0.9485,0.0003,0.0046,0.6568,-0.0082,-0.0029,0.2654,-0.0096,2.1420,2.1420,2.1179,0.8394,0.8299,0.4611,0.0000,False,0.9986,0.1928,0.8130,0.9957,0.7501
kf_price_pred_vel,3,UNIVERSAL,91252,42076,22946,0.3887,0.5147,0.2627,0.0136,0.0136,0.7006,0.9485,0.0003,0.0046,0.6568,-0.0082,-0.0029,0.2654,-0.0096,2.1420,2.1420,2.1179,0.8394,0.8299,0.4611,0.0000,False,0.9986,0.1928,0.8130,0.9957,0.7501
reg_value_tide,5,UNIVERSAL,91252,25542,42298,0.1424,0.1582,0.1266,-0.1817,0.1817,0.8225,0.0000,0.1760,108.3045,118.5213,76.3200,130.6125,125.2617,98.2250,2.3472,2.3472,0.8879,0.6025,0.2279,0.2799,-0.1017,False,0.7797,0.6609,0.8522,0.6870,0.7496
vwap_tide,5,UNIVERSAL,91252,25542,42298,0.1572,0.1576,0.1568,-0.1770,0.1770,0.8344,0.0000,0.1677,102.8025,109.6067,73.5500,122.8103,115.0090,92.9550,2.3084,2.3084,0.9306,0.5967,0.2405,0.2799,-0.1003,False,0.8377,0.6464,0.8377,0.6348,0.7493
vwap_current,5,UNIVERSAL,91252,25542,42298,0.1397,0.1595,0.1199,-0.1826,0.1826,0.8177,0.0000,0.1757,106.6459,115.7765,76.2400,128.5020,122.0366,96.8500,2.3538,2.3538,0.8991,0.6030,0.2303,0.2799,-0.1023,False,0.7565,0.6638,0.8551,0.7072,0.7481
reg_value_wave,5,UNIVERSAL,91252,25542,42298,0.1312,0.1506,0.1118,-0.2068,0.2068,0.8229,0.0000,0.1919,106.6360,116.5302,75.4800,131.9871,126.0972,99.0000,2.3733,2.3733,0.8723,0.6088,0.2238,0.2799,-0.1163,True,0.7333,0.6928,0.8638,0.6841,0.7459
vwap_sigma_wave,7,UNIVERSAL,91252,16805,56142,0.0988,0.1037,0.0939,-0.4258,0.4258,0.8020,0.0000,0.2299,-0.0627,1.4306,-0.1681,0.5043,1.3004,0.7527,1.7906,1.7906,0.9084,0.3088,0.1567,0.1842,0.0000,True,0.6203,0.9188,0.6986,0.7681,0.7441
vwap_wave,7,UNIVERSAL,91252,16805,56142,0.1278,0.1318,0.1237,-0.1802,0.1802,0.8285,0.0000,0.1679,105.1962,115.5753,74.9200,127.1209,123.4094,95.2850,2.5728,2.5728,0.8387,0.4309,0.1404,0.1842,0.0000,False,0.7188,0.6580,0.9101,0.6609,0.7399
reg_value_current,7,UNIVERSAL,91252,16805,56142,0.1186,0.1275,0.1098,-0.1847,0.1847,0.8288,0.0000,0.1724,105.5254,116.5431,74.7600,128.1939,124.5297,95.7000,2.5890,2.5890,0.8487,0.4325,0.1418,0.1842,0.0000,False,0.6928,0.6696,0.9217,0.6580,0.7372
sigma_tide,3,UNIVERSAL,91252,42076,22946,0.1199,0.1362,0.1036,-0.4336,0.4336,0.8122,0.0000,0.2394,-0.1900,1.4968,-0.1508,0.4196,1.2212,0.4766,1.6242,1.6242,0.9763,0.7144,0.4294,0.4611,0.0000,True,0.6986,0.9246,0.5942,0.7362,0.7365
tide_slope,7,UNIVERSAL,91252,16805,56142,0.1183,0.1358,0.1008,-0.1732,0.1732,0.8211,0.0000,0.0722,0.0291,0.1431,0.0364,0.0464,0.0826,0.0446,2.5924,2.5924,1.9720,0.4057,0.3086,0.1842,0.0000,False,0.6870,0.6435,0.9246,0.6899,0.7361
vwap_current,7,UNIVERSAL,91252,16805,56142,0.1293,0.1334,0.1251,-0.1697,0.1697,0.8268,0.0000,0.1603,105.2105,114.9729,75.0500,125.5709,121.4416,94.2250,2.5536,2.5536,0.8915,0.4281,0.1495,0.1842,0.0000,False,0.7246,0.6319,0.9043,0.6725,0.7359
channel_sentiment,5,UNIVERSAL,91252,25542,42298,0.1058,0.1114,0.1003,-0.3102,0.3102,0.8151,0.0000,0.1621,-0.0868,0.4793,-0.2058,0.0448,0.3875,0.1678,1.9154,1.9154,1.3198,0.4927,0.3395,0.2799,-0.1064,True,0.6522,0.8145,0.7594,0.7188,0.7329
kf_price_innov,5,UNIVERSAL,91252,25542,42298,0.2018,0.2373,0.1663,0.0050,0.0050,0.7645,0.0067,0.0124,0.0164,3.5764,-0.0661,0.0038,1.5381,-0.0223,2.6118,2.6041,2.6118,0.5943,0.5961,0.2799,-0.0017,False,0.9420,0.1217,0.9333,0.9217,0.7307
reg_value_wave,7,UNIVERSAL,91252,16805,56142,0.1075,0.1210,0.0940,-0.1925,0.1925,0.8360,0.0000,0.1773,104.8901,115.6682,74.4600,128.5542,125.0316,95.7900,2.5966,2.5966,0.8258,0.4341,0.1381,0.1842,0.0000,False,0.6551,0.6783,0.9304,0.6232,0.7233
kf_price_innov,3,UNIVERSAL,91252,42076,22946,0.2964,0.3757,0.2171,0.0050,0.0050,0.7290,0.0441,0.0095,0.0185,3.1352,-0.0469,0.0055,1.2876,-0.0171,2.0437,2.0047,2.0437,0.7988,0.8144,0.4611,0.0000,False,0.9884,0.1159,0.7855,0.9768,0.7172
channel_sentiment,7,UNIVERSAL,91252,16805,56142,0.0884,0.0942,0.0827,-0.3042,0.3042,0.8343,0.0000,0.1589,-0.1015,0.4860,-0.2185,0.0269,0.4012,0.1587,2.2272,2.2272,1.3644,0.3696,0.2264,0.1842,0.0000,True,0.6029,0.8058,0.8232,0.6377,0.7157
geo_state_norm,7,UNIVERSAL,91252,16805,56142,0.0720,0.0753,0.0687,0.4335,0.4335,0.8491,0.0000,-0.2200,2.4080,1.0574,2.2614,2.0190,0.8436,1.9345,2.0748,0.6330,2.0748,0.1115,0.3655,0.1842,0.0000,True,0.5739,0.9217,0.7884,0.5739,0.7145
reg_value_tide,7,UNIVERSAL,91252,16805,56142,0.1169,0.1261,0.1077,-0.1677,0.1677,0.8371,0.0000,0.1611,106.9265,118.2765,75.3500,127.5246,124.1988,95.3400,2.5730,2.5730,0.8723,0.4299,0.1457,0.1842,0.0000,False,0.6812,0.6290,0.9130,0.6174,0.7133
residual_std_wave,7,UNIVERSAL,91252,16805,56142,0.0988,0.1029,0.0947,0.2149,0.2149,0.8252,0.0000,-0.0851,2.2272,2.6551,1.2814,1.7439,2.1122,1.0098,2.3825,2.3825,1.5807,0.3911,0.2595,0.1842,0.0000,True,0.6174,0.6986,0.8667,0.6783,0.7122
tension_wave,3,UNIVERSAL,91252,42076,22946,0.1344,0.1390,0.1297,0.4825,0.4825,0.7631,0.0000,-0.2766,-0.1516,1.2733,-0.1357,-0.7434,1.1351,-0.9625,1.2716,0.9006,1.2716,0.4107,0.5799,0.4611,0.0000,True,0.7449,0.9420,0.2638,0.9246,0.7099
vwap_tide,7,UNIVERSAL,91252,16805,56142,0.1250,0.1220,0.1281,-0.1618,0.1618,0.8438,0.0000,0.1488,101.6591,108.3663,72.7300,120.0031,114.8106,90.9250,2.5016,2.5016,0.9168,0.4226,0.1549,0.1842,0.0000,False,0.7101,0.6261,0.8841,0.5884,0.7083
reg_value_wave,3,UNIVERSAL,91252,42076,22946,0.1412,0.1694,0.1131,-0.1843,0.1843,0.8329,0.0000,0.1714,112.1255,120.2799,81.6250,134.5118,123.5522,100.6700,1.8081,1.8081,0.8823,0.7936,0.3872,0.4611,0.0000,False,0.7652,0.6667,0.7217,0.6464,0.7059
kf_price_innov,7,UNIVERSAL,91252,16805,56142,0.1672,0.1909,0.1435,0.0057,0.0057,0.7791,0.0100,0.0131,0.0140,3.9301,-0.0708,0.0003,1.7007,-0.0294,3.0674,3.0674,3.0065,0.4414,0.4326,0.1842,0.0000,False,0.8667,0.1362,0.9652,0.8493,0.7052
residual_std_wave,5,UNIVERSAL,91252,25542,42298,0.0993,0.1053,0.0934,0.2336,0.2336,0.8276,0.0000,-0.0879,2.1892,2.6553,1.2429,1.6631,1.9683,0.9812,2.2135,2.2135,1.4942,0.5587,0.3772,0.2799,0.0616,True,0.6261,0.7159,0.8174,0.6696,0.7051
residual_std_wave,3,UNIVERSAL,91252,42076,22946,0.1142,0.1176,0.1108,0.2690,0.2690,0.8052,0.0000,-0.1438,2.1275,2.5506,1.2312,1.5068,1.7771,0.8853,1.6914,1.6914,1.3330,0.7355,0.5797,0.4611,0.0000,True,0.6696,0.7652,0.6319,0.7594,0.7020
kf_price_uncert,3,UNIVERSAL,91252,42076,22946,0.1677,0.1822,0.1532,0.2432,0.2432,0.7829,0.0000,-0.2718,1.0288,1.4384,0.3447,0.6970,1.2167,0.2733,1.3892,0.7500,1.3892,0.3433,0.6359,0.4611,0.0000,True,0.8696,0.7333,0.3681,0.8290,0.7020
reg_value_current,3,UNIVERSAL,91252,42076,22946,0.1440,0.1724,0.1156,-0.1728,0.1728,0.8360,0.0000,0.1649,112.5422,120.7917,81.8000,133.5028,122.2807,100.0750,1.8075,1.8075,0.8931,0.7930,0.3918,0.4611,0.0000,False,0.7855,0.6406,0.7188,0.6261,0.7007
compression_ratio,7,UNIVERSAL,91252,16805,56142,0.0670,0.0709,0.0631,0.4097,0.4097,0.8534,0.0000,-0.2062,0.4375,0.2349,0.3882,0.3558,0.1875,0.3172,1.8702,0.6995,1.8702,0.1234,0.3299,0.1842,0.0000,True,0.5623,0.9072,0.7536,0.5681,0.6975
conj_wave_current,3,UNIVERSAL,91252,42076,22946,0.1210,0.1401,0.1019,-0.2740,0.2740,0.8206,0.0000,0.1920,-0.0261,0.3454,-0.0242,0.0581,0.2215,0.0394,1.6326,1.6326,1.2616,0.7070,0.5464,0.4611,0.0000,True,0.7043,0.7739,0.5971,0.6986,0.6938
kf_price_uncert,7,UNIVERSAL,91252,16805,56142,0.1320,0.1398,0.1241,0.2681,0.2681,0.8072,0.0000,-0.2529,1.1377,1.4897,0.3447,0.7807,1.2802,0.2854,1.5510,0.5591,1.5510,0.1023,0.2838,0.1842,0.0000,True,0.7362,0.7623,0.5246,0.7536,0.6933
rsi_conviction,3,UNIVERSAL,91252,42076,22946,0.1666,0.1681,0.1651,-0.3401,0.3401,0.7666,0.0000,0.2030,0.0359,0.2587,0.1400,0.1221,0.2432,0.2000,1.1351,0.8649,1.1098,0.4003,0.5136,0.4611,0.0000,True,0.8638,0.8522,0.1536,0.9101,0.6926
vwap_current,3,UNIVERSAL,91252,42076,22946,0.1431,0.1696,0.1166,-0.1590,0.1590,0.8354,0.0000,0.1564,111.4259,118.9987,81.4800,130.2867,118.0079,98.7600,1.7962,1.7962,0.9058,0.7875,0.3971,0.4611,0.0000,False,0.7826,0.6232,0.7014,0.6319,0.6923
conj_wave_current,5,UNIVERSAL,91252,25542,42298,0.0918,0.1045,0.0792,-0.2608,0.2608,0.8434,0.0000,0.1599,-0.0419,0.3756,-0.0332,0.0354,0.2358,0.0230,2.0849,2.0849,1.3913,0.5297,0.3535,0.2799,-0.1163,True,0.6116,0.7565,0.7913,0.5913,0.6887
vwap_tide,3,UNIVERSAL,91252,42076,22946,0.1489,0.1662,0.1315,-0.1537,0.1537,0.8396,0.0000,0.1505,107.2409,112.7435,79.3000,124.4710,110.8911,95.1900,1.7690,1.7690,0.9255,0.7780,0.4070,0.4611,0.0000,False,0.8058,0.6145,0.6812,0.6087,0.6874
vwap_wave,3,UNIVERSAL,91252,42076,22946,0.1385,0.1658,0.1111,-0.1699,0.1699,0.8362,0.0000,0.1630,111.9242,119.9048,81.7450,132.3540,120.8403,99.6550,1.8024,1.8024,0.8897,0.7909,0.3904,0.4611,0.0000,False,0.7507,0.6348,0.7159,0.6203,0.6870
kf_rsi_uncert,7,UNIVERSAL,91252,16805,56142,0.1474,0.1551,0.1398,-0.0431,0.0431,0.7882,0.1120,-0.0081,20.9773,13.3452,20.7896,21.6031,14.8549,19.1622,1.8412,1.8412,0.5881,0.3215,0.1027,0.1842,0.0000,False,0.7971,0.3942,0.7391,0.8116,0.6848
reg_value_tide,3,UNIVERSAL,91252,42076,22946,0.1416,0.1711,0.1121,-0.1586,0.1586,0.8376,0.0000,0.1580,113.1773,122.0677,81.9850,132.4663,120.8037,99.8950,1.7898,1.7898,0.8988,0.7855,0.3945,0.4611,0.0000,False,0.7739,0.6203,0.6957,0.6145,0.6841
compression_ratio,5,UNIVERSAL,91252,25542,42298,0.0773,0.0808,0.0738,0.4243,0.4243,0.8382,0.0000,-0.2281,0.4300,0.2287,0.3839,0.3446,0.1826,0.3061,1.6811,0.7305,1.6811,0.1986,0.4570,0.2799,0.1620,True,0.5826,0.9130,0.6290,0.6116,0.6826
tension_wave,5,UNIVERSAL,91252,25542,42298,0.0888,0.0908,0.0867,0.4082,0.4082,0.8106,0.0000,-0.2315,-0.0731,1.2845,-0.0218,-0.5740,1.1912,-0.7933,1.5002,0.8723,1.5002,0.2387,0.4105,0.2799,0.1575,True,0.6058,0.9043,0.4870,0.7449,0.6786
wave_window,3,UNIVERSAL,91252,42076,22946,0.1342,0.1366,0.1318,0.3610,0.3610,0.7722,0.0000,-0.1920,27.5455,10.2912,30.0000,23.7798,10.6818,21.0000,1.2353,0.7647,1.2038,0.3488,0.5491,0.4611,0.0000,True,0.7420,0.8667,0.2348,0.8899,0.6759
kf_price_uncert,5,UNIVERSAL,91252,25542,42298,0.1405,0.1514,0.1296,0.2361,0.2361,0.7977,0.0000,-0.2530,1.0743,1.4493,0.3447,0.7577,1.2706,0.2733,1.4585,0.6729,1.4585,0.1870,0.4053,0.2799,0.0805,True,0.7594,0.7217,0.4406,0.7797,0.6743
conj_wave_current,7,UNIVERSAL,91252,16805,56142,0.0744,0.0837,0.0651,-0.2306,0.2306,0.8596,0.0000,0.1334,-0.0456,0.4009,-0.0374,0.0211,0.2461,0.0134,2.3460,2.3460,1.5823,0.3844,0.2593,0.1842,0.0000,True,0.5768,0.7072,0.8464,0.5507,0.6716
tension_wave,7,UNIVERSAL,91252,16805,56142,0.0711,0.0724,0.0698,0.3726,0.3726,0.8314,0.0000,-0.2105,-0.0313,1.2870,0.0431,-0.4892,1.2111,-0.6921,1.5862,0.8298,1.5862,0.1486,0.2840,0.1842,0.0000,True,0.5710,0.8725,0.5739,0.6493,0.6628
kf_rsi_uncert,3,UNIVERSAL,91252,42076,22946,0.1803,0.1933,0.1673,0.0408,0.0408,0.7578,0.0000,-0.0646,21.4244,13.7868,20.7896,20.8452,14.9345,16.8776,1.4484,1.4484,0.7661,0.6496,0.3436,0.4611,0.0000,False,0.9043,0.3797,0.4319,0.9420,0.6626
compression_ratio,3,UNIVERSAL,91252,42076,22946,0.1008,0.1031,0.0984,0.4376,0.4376,0.8147,0.0000,-0.2615,0.4162,0.2184,0.3710,0.3264,0.1780,0.2870,1.3782,0.7540,1.3782,0.3443,0.6294,0.4611,0.0000,True,0.6406,0.9275,0.3594,0.7217,0.6583
kf_rvol_uncert,3,UNIVERSAL,91252,42076,22946,0.1406,0.1490,0.1322,0.2016,0.2016,0.7907,0.0000,-0.0751,0.0862,0.1294,0.0419,0.0633,0.0755,0.0397,1.3973,0.8732,1.3973,0.3969,0.6352,0.4611,0.0000,True,0.7623,0.6870,0.3884,0.8029,0.6581
wave_window,5,UNIVERSAL,91252,25542,42298,0.1119,0.1127,0.1110,0.3369,0.3369,0.7938,0.0000,-0.1828,28.1200,10.1229,30.0000,24.5781,10.7427,21.0000,1.3605,0.6753,1.3605,0.1855,0.3737,0.2799,0.1424,True,0.6609,0.8464,0.3507,0.7942,0.6564
residual_std_current,7,UNIVERSAL,91252,16805,56142,0.0855,0.0907,0.0803,0.0944,0.0944,0.8419,0.0000,-0.0321,3.1583,3.7603,1.9920,2.8232,3.4817,1.7321,2.4791,2.4791,1.4278,0.4083,0.2352,0.1842,0.0000,False,0.5942,0.5391,0.8812,0.5942,0.6522
kf_rsi_uncert,5,UNIVERSAL,91252,25542,42298,0.1559,0.1668,0.1449,-0.0208,0.0208,0.7806,0.0001,-0.0174,21.1336,13.7099,20.7896,21.4335,14.8191,16.8776,1.7447,1.7447,0.7040,0.4643,0.1873,0.2799,-0.0537,False,0.8319,0.2638,0.6754,0.8377,0.6519
geo_state_norm,5,UNIVERSAL,91252,25542,42298,0.0532,0.0565,0.0499,0.3561,0.3561,0.8746,0.0000,-0.1830,2.3296,1.0253,2.1916,2.0070,0.8257,1.9299,1.7840,0.7475,1.7840,0.2020,0.4821,0.2799,0.2823,True,0.5246,0.8609,0.6899,0.5101,0.6471
residual_std_current,5,UNIVERSAL,91252,25542,42298,0.0853,0.0940,0.0766,0.0969,0.0969,0.8493,0.0007,-0.0154,3.1240,3.8327,1.9051,2.7807,3.3571,1.7372,2.2903,2.2903,1.4141,0.5803,0.3583,0.2799,0.0282,False,0.5913,0.5420,0.8348,0.5710,0.6358
kf_rvol_uncert,5,UNIVERSAL,91252,25542,42298,0.1128,0.1188,0.1069,0.1780,0.1780,0.8068,0.0000,-0.0808,0.0877,0.1323,0.0419,0.0683,0.0921,0.0397,1.4737,0.8337,1.4737,0.2296,0.4058,0.2799,0.0302,False,0.6638,0.6493,0.4754,0.7565,0.6316
wave_window,7,UNIVERSAL,91252,16805,56142,0.0919,0.0930,0.0908,0.2947,0.2947,0.8122,0.0000,-0.1614,28.2602,10.1371,30.0000,25.1455,10.6958,21.0000,1.4026,0.6832,1.4026,0.1232,0.2529,0.1842,0.0000,True,0.6145,0.7942,0.4000,0.7391,0.6307
spread_tide_wave,7,UNIVERSAL,91252,16805,56142,0.0469,0.0510,0.0429,-0.2701,0.2701,0.8862,0.0000,0.1428,-0.2614,1.8636,-0.2546,0.1910,1.6141,0.2059,1.9440,1.9440,1.0734,0.3362,0.1856,0.1842,0.0000,True,0.5130,0.7681,0.7681,0.4580,0.6296
sigma_current,5,UNIVERSAL,91252,25542,42298,0.0539,0.0567,0.0512,-0.3285,0.3285,0.8698,0.0000,0.1802,-0.2462,1.4485,-0.2206,0.1976,1.2887,0.3102,1.6964,1.6964,1.0278,0.4506,0.2730,0.2799,-0.0917,True,0.5275,0.8319,0.6348,0.5217,0.6293
sigma_current,3,UNIVERSAL,91252,42076,22946,0.0839,0.0858,0.0820,-0.4071,0.4071,0.8304,0.0000,0.2330,-0.1959,1.3972,-0.1641,0.3550,1.2691,0.5134,1.3988,1.3988,0.9268,0.6303,0.4176,0.4611,0.0000,True,0.5855,0.9014,0.3913,0.6522,0.6293
kf_rvol_uncert,7,UNIVERSAL,91252,16805,56142,0.1002,0.1039,0.0964,0.1717,0.1717,0.8208,0.0000,-0.0723,0.0896,0.1362,0.0419,0.0710,0.0984,0.0419,1.5710,0.7183,1.5710,0.1302,0.2848,0.1842,0.0000,False,0.6377,0.6377,0.5449,0.6928,0.6255
d_tide_accel,5,UNIVERSAL,91252,25542,42298,0.0991,0.1105,0.0876,-0.0557,0.0557,0.8336,0.0000,0.0355,-0.0000,0.0003,-0.0000,0.0000,0.0002,0.0000,2.1399,2.1399,1.9201,0.5211,0.4676,0.2799,-0.0126,False,0.6232,0.4232,0.8029,0.6435,0.6222
d2_tide_slope,5,UNIVERSAL,91252,25542,42298,0.0994,0.1110,0.0878,-0.0542,0.0542,0.8336,0.0000,0.0352,-0.0000,0.0003,-0.0000,0.0000,0.0002,0.0000,2.1377,2.1377,1.9247,0.5205,0.4686,0.2799,-0.0115,False,0.6290,0.4174,0.8000,0.6406,0.6212
d_tide_accel,3,UNIVERSAL,91252,42076,22946,0.1175,0.1345,0.1005,-0.0641,0.0641,0.8206,0.0000,0.0418,-0.0000,0.0003,-0.0000,0.0000,0.0002,0.0000,1.7254,1.7254,1.5839,0.7228,0.6635,0.4611,0.0000,False,0.6841,0.4406,0.6609,0.6957,0.6197
d2_tide_slope,3,UNIVERSAL,91252,42076,22946,0.1186,0.1364,0.1009,-0.0629,0.0629,0.8205,0.0000,0.0416,-0.0000,0.0003,-0.0000,0.0000,0.0002,0.0000,1.7224,1.7224,1.5856,0.7215,0.6642,0.4611,0.0000,False,0.6899,0.4377,0.6522,0.7014,0.6197
rsi_conviction,5,UNIVERSAL,91252,25542,42298,0.1208,0.1280,0.1137,-0.3198,0.3198,0.7960,0.0000,0.1763,0.0214,0.2627,0.1000,0.1023,0.2471,0.2000,1.1413,0.8587,1.1030,0.2407,0.3092,0.2799,-0.1433,True,0.7014,0.8290,0.1594,0.7826,0.6141
d_tide_accel,7,UNIVERSAL,91252,16805,56142,0.0884,0.0974,0.0794,-0.0458,0.0458,0.8401,0.0000,0.0281,-0.0000,0.0003,-0.0000,0.0000,0.0002,0.0000,2.3395,2.3395,2.1851,0.3661,0.3419,0.1842,0.0000,False,0.6000,0.4029,0.8435,0.6029,0.6122
d2_tide_slope,7,UNIVERSAL,91252,16805,56142,0.0888,0.0980,0.0797,-0.0440,0.0440,0.8407,0.0000,0.0278,-0.0000,0.0003,-0.0000,0.0000,0.0002,0.0000,2.3357,2.3357,2.1896,0.3654,0.3426,0.1842,0.0000,False,0.6087,0.3971,0.8406,0.6000,0.6120
rsi_conviction,7,UNIVERSAL,91252,16805,56142,0.1194,0.1302,0.1087,-0.3298,0.3298,0.8109,0.0000,0.1777,0.0080,0.2643,0.0000,0.0914,0.2495,0.2000,1.1485,0.8515,0.9417,0.1579,0.1747,0.1842,0.0000,True,0.6957,0.8406,0.1710,0.7420,0.6100
residual_std_current,3,UNIVERSAL,91252,42076,22946,0.0848,0.0929,0.0767,0.1157,0.1157,0.8439,0.0000,-0.0516,3.0826,3.7377,1.9143,2.6693,3.2492,1.6441,1.7384,1.7384,1.2464,0.7581,0.5435,0.4611,0.0000,False,0.5884,0.5739,0.6667,0.5855,0.6038
kf_conjugation_uncert,7,UNIVERSAL,91252,16805,56142,0.1001,0.1086,0.0916,0.2988,0.2988,0.8253,0.0000,-0.1331,0.0323,0.0362,0.0115,0.0228,0.0302,0.0109,1.2986,0.7014,1.0901,0.1303,0.2024,0.1842,0.0000,True,0.6348,0.7971,0.2957,0.6754,0.5987
residual_std_tide,3,UNIVERSAL,91252,42076,22946,0.1038,0.1206,0.0870,0.0848,0.0848,0.8562,0.0001,-0.0186,5.4382,6.0155,3.4966,4.9513,5.1952,3.1871,1.7368,1.7368,1.1220,0.7578,0.4896,0.4611,0.0000,False,0.6464,0.5043,0.6638,0.5594,0.5978
residual_std_tide,7,UNIVERSAL,91252,16805,56142,0.0752,0.0825,0.0680,0.0373,0.0373,0.8638,0.1752,0.0069,5.4220,5.9625,3.5914,5.2087,5.6475,3.2760,2.4268,2.4268,1.2206,0.4048,0.2036,0.1842,0.0000,False,0.5797,0.3594,0.8754,0.5391,0.5904
residual_std_tide,5,UNIVERSAL,91252,25542,42298,0.0860,0.0971,0.0750,0.0401,0.0401,0.8602,0.0000,0.0192,5.3956,6.0297,3.4596,5.1665,5.5248,3.2918,2.2522,2.2522,1.2064,0.5748,0.3079,0.2799,-0.0180,False,0.5971,0.3768,0.8290,0.5478,0.5901
kf_conjugation_uncert,3,UNIVERSAL,91252,42076,22946,0.1298,0.1475,0.1122,0.2399,0.2399,0.8166,0.0000,-0.1198,0.0290,0.0338,0.0115,0.0213,0.0297,0.0107,1.1470,0.8530,0.9765,0.3970,0.4545,0.4611,0.0000,True,0.7275,0.7275,0.1652,0.7159,0.5846
spread_tide_wave,5,UNIVERSAL,91252,25542,42298,0.0433,0.0474,0.0393,-0.2466,0.2466,0.8913,0.0000,0.1318,-0.1767,1.8373,-0.1600,0.2395,1.5905,0.2573,1.7002,1.7002,1.0674,0.4534,0.2847,0.2799,-0.1225,True,0.4986,0.7391,0.6435,0.4348,0.5822
kf_tension_pred_val,7,UNIVERSAL,91252,16805,56142,0.0574,0.0588,0.0560,0.1215,0.1215,0.8555,0.0000,-0.0819,-0.5856,1.4126,-0.6258,-0.7339,1.1573,-0.8396,1.6500,1.6500,1.5973,0.2810,0.2720,0.1842,0.0000,False,0.5362,0.5826,0.6174,0.5623,0.5733
tension_tide,7,UNIVERSAL,91252,16805,56142,0.0549,0.0566,0.0532,0.1252,0.1252,0.8550,0.0000,-0.0806,-0.5836,1.3919,-0.6418,-0.7348,1.1477,-0.8465,1.6427,1.6427,1.5912,0.2799,0.2711,0.1842,0.0000,False,0.5333,0.5884,0.6116,0.5652,0.5730
kf_rvol_pred_val,7,UNIVERSAL,91252,16805,56142,0.0333,0.0353,0.0313,0.2490,0.2490,0.8989,0.0000,-0.1227,1.1067,0.5636,0.9950,0.9899,0.4369,0.9158,1.8189,1.0008,1.8189,0.1729,0.3143,0.1842,0.0000,True,0.4145,0.7449,0.7246,0.3971,0.5712
kf_conjugation_uncert,5,UNIVERSAL,91252,25542,42298,0.1107,0.1245,0.0969,0.2659,0.2659,0.8281,0.0000,-0.1174,0.0307,0.0350,0.0115,0.0223,0.0298,0.0107,1.1888,0.8112,0.9775,0.2296,0.2767,0.2799,0.1301,True,0.6580,0.7594,0.1971,0.6667,0.5699
sigma_current,7,UNIVERSAL,91252,16805,56142,0.0337,0.0356,0.0319,-0.2474,0.2474,0.8988,0.0000,0.1305,-0.2316,1.4839,-0.1900,0.1017,1.3030,0.1824,1.8018,1.8018,1.1602,0.3103,0.1998,0.1842,0.0000,True,0.4203,0.7420,0.7130,0.4000,0.5699
kf_tension_pred_val,5,UNIVERSAL,91252,25542,42298,0.0620,0.0643,0.0596,0.1011,0.1011,0.8465,0.0000,-0.0633,-0.6139,1.4039,-0.6887,-0.7379,1.1048,-0.8314,1.5846,1.5846,1.5196,0.4118,0.3949,0.2799,0.0585,False,0.5536,0.5507,0.5710,0.5797,0.5625
d_vwap_sigma_tide,3,UNIVERSAL,91252,42076,22946,0.0630,0.0689,0.0570,-0.1047,0.1047,0.8637,0.0000,0.0610,-0.0092,0.2633,-0.0052,0.0156,0.1778,0.0101,1.5844,1.5844,1.3744,0.6807,0.5905,0.4611,0.0000,False,0.5565,0.5536,0.5681,0.5449,0.5564
tension_tide,5,UNIVERSAL,91252,25542,42298,0.0593,0.0616,0.0571,0.1065,0.1065,0.8487,0.0000,-0.0631,-0.6105,1.3831,-0.7020,-0.7397,1.0964,-0.8383,1.5576,1.5576,1.5130,0.4054,0.3938,0.2799,0.0587,False,0.5478,0.5623,0.5304,0.5768,0.5529
spread_tide_wave,3,UNIVERSAL,91252,42076,22946,0.0548,0.0605,0.0491,-0.2545,0.2545,0.8793,0.0000,0.1430,-0.0904,1.7949,-0.0829,0.3438,1.5310,0.3769,1.4048,1.4048,1.0864,0.6266,0.4845,0.4611,0.0000,True,0.5304,0.7536,0.4029,0.4986,0.5480
vol_of_vol_ratio,7,UNIVERSAL,91252,16805,56142,0.0287,0.0310,0.0264,0.2803,0.2803,0.9123,0.0000,-0.1202,0.1255,0.0793,0.1051,0.1073,0.0603,0.0929,1.7441,0.8976,1.7441,0.1578,0.3066,0.1842,0.0000,True,0.3739,0.7797,0.6725,0.3565,0.5465
tension_current,7,UNIVERSAL,91252,16805,56142,0.0503,0.0505,0.0500,0.3002,0.3002,0.8577,0.0000,-0.1762,-0.1829,1.2926,-0.1921,-0.5563,1.2285,-0.7136,1.3134,0.7957,1.3134,0.1461,0.2412,0.1842,0.0000,True,0.5188,0.8000,0.3101,0.5536,0.5439
d_vwap_sigma_tide,5,UNIVERSAL,91252,25542,42298,0.0389,0.0415,0.0364,-0.0922,0.0922,0.8901,0.0000,0.0506,-0.0121,0.2822,-0.0072,0.0092,0.1927,0.0067,1.7841,1.7841,1.5042,0.4587,0.3867,0.2799,-0.0282,False,0.4725,0.5362,0.6928,0.4493,0.5388
d_sigma_tide,3,UNIVERSAL,91252,42076,22946,0.0611,0.0672,0.0550,-0.0840,0.0840,0.8688,0.0000,0.0459,-0.0113,0.4030,-0.0058,0.0190,0.2670,0.0116,1.5783,1.5783,1.4251,0.6763,0.6106,0.4611,0.0000,False,0.5507,0.4957,0.5594,0.5246,0.5339
d_vwap_sigma_tide,7,UNIVERSAL,91252,16805,56142,0.0357,0.0378,0.0336,-0.0830,0.0830,0.8948,0.0000,0.0415,-0.0130,0.3007,-0.0070,0.0057,0.1978,0.0046,1.9582,1.9582,1.6579,0.3248,0.2750,0.1842,0.0000,False,0.4348,0.4899,0.7710,0.4174,0.5291
d_sigma_tide,5,UNIVERSAL,91252,25542,42298,0.0425,0.0459,0.0392,-0.0717,0.0717,0.8869,0.0000,0.0352,-0.0144,0.4324,-0.0075,0.0108,0.2908,0.0068,1.7975,1.7975,1.5916,0.4580,0.4056,0.2799,-0.0192,False,0.4928,0.4551,0.7072,0.4522,0.5288
d_sigma_tide,7,UNIVERSAL,91252,16805,56142,0.0356,0.0379,0.0333,-0.0611,0.0611,0.8947,0.0000,0.0256,-0.0147,0.4571,-0.0054,0.0064,0.3023,0.0042,1.9439,1.9439,1.7310,0.3208,0.2857,0.1842,0.0000,False,0.4319,0.4348,0.7652,0.4203,0.5136
kf_price_norm_innov,7,UNIVERSAL,91252,16805,56142,0.0585,0.0638,0.0532,0.0085,0.0085,0.8730,0.1078,0.0082,0.0193,3.3865,-0.0509,0.0003,1.7304,-0.0245,2.2173,2.2173,2.2063,0.3524,0.3506,0.1842,0.0000,False,0.5449,0.1594,0.8203,0.5188,0.5122
kf_conjugation_filt_vel,7,UNIVERSAL,91252,16805,56142,0.0384,0.0398,0.0370,-0.0909,0.0909,0.8828,0.0000,0.0709,-0.0034,0.0653,-0.0042,0.0013,0.0458,0.0004,1.6187,1.6187,1.3019,0.2744,0.2207,0.1842,0.0000,False,0.4594,0.5319,0.5899,0.4681,0.5119
kf_conjugation_pred_vel,7,UNIVERSAL,91252,16805,56142,0.0384,0.0398,0.0370,-0.0909,0.0909,0.8828,0.0000,0.0709,-0.0034,0.0653,-0.0042,0.0013,0.0458,0.0004,1.6187,1.6187,1.3019,0.2744,0.2207,0.1842,0.0000,False,0.4594,0.5319,0.5899,0.4681,0.5119
spread_current_wave,3,UNIVERSAL,91252,42076,22946,0.0495,0.0494,0.0497,-0.3172,0.3172,0.8670,0.0000,0.1827,-0.0963,1.1762,-0.1121,0.2793,1.1980,0.3406,1.1719,1.1242,0.8281,0.5200,0.3831,0.4611,0.0000,True,0.5159,0.8261,0.1797,0.5275,0.5117
kf_price_norm_innov,5,UNIVERSAL,91252,25542,42298,0.0711,0.0792,0.0630,0.0066,0.0066,0.8642,0.0682,0.0083,0.0180,3.1172,-0.0499,0.0029,1.6129,-0.0198,2.0190,1.9888,2.0190,0.4898,0.4973,0.2799,0.0006,False,0.5681,0.1449,0.7826,0.5362,0.5096
kf_rvol_pred_val,5,UNIVERSAL,91252,25542,42298,0.0271,0.0288,0.0255,0.2178,0.2178,0.9096,0.0000,-0.1046,1.0868,0.5526,0.9788,0.9837,0.4189,0.9157,1.6380,1.0336,1.6380,0.2750,0.4359,0.2799,0.1503,True,0.3652,0.7014,0.6087,0.3594,0.5090
kf_rsi_pred_vel,3,UNIVERSAL,91252,42076,22946,0.0582,0.0630,0.0533,-0.1531,0.1531,0.8656,0.0000,0.0836,-0.1486,2.2143,-0.0684,0.1644,1.6878,0.2350,1.3512,1.3512,1.1080,0.6016,0.4933,0.4611,0.0000,False,0.5406,0.6101,0.3377,0.5319,0.5055
kf_rsi_filt_vel,3,UNIVERSAL,91252,42076,22946,0.0582,0.0630,0.0533,-0.1531,0.1531,0.8656,0.0000,0.0836,-0.1486,2.2143,-0.0684,0.1644,1.6878,0.2350,1.3512,1.3512,1.1080,0.6016,0.4933,0.4611,0.0000,False,0.5406,0.6101,0.3377,0.5319,0.5055
kf_tension_uncert,7,UNIVERSAL,91252,16805,56142,0.1131,0.1161,0.1102,0.0333,0.0333,0.8133,0.0000,-0.0286,0.0793,0.0890,0.0339,0.0764,0.0844,0.0339,1.2988,0.7012,1.0898,0.1303,0.2025,0.1842,0.0000,False,0.6667,0.3362,0.2986,0.7304,0.5048
kf_price_norm_innov,3,UNIVERSAL,91252,42076,22946,0.0995,0.1135,0.0855,0.0050,0.0050,0.8399,0.2160,0.0059,0.0173,2.7833,-0.0359,0.0054,1.4447,-0.0141,1.7243,1.6934,1.7243,0.7094,0.7223,0.4611,0.0000,False,0.6319,0.1188,0.6551,0.6058,0.5042
vol_of_vol_ratio,5,UNIVERSAL,91252,25542,42298,0.0280,0.0305,0.0256,0.2451,0.2451,0.9181,0.0000,-0.1008,0.1225,0.0771,0.1026,0.1063,0.0584,0.0931,1.5880,0.9440,1.5880,0.2531,0.4258,0.2799,0.1081,True,0.3710,0.7362,0.5768,0.3217,0.5039
tension_current,5,UNIVERSAL,91252,25542,42298,0.0451,0.0458,0.0445,0.2517,0.2517,0.8637,0.0000,-0.1508,-0.2640,1.3039,-0.2942,-0.5791,1.2196,-0.7476,1.1949,0.9100,1.1949,0.2533,0.3326,0.2799,0.1288,True,0.5101,0.7507,0.2029,0.5420,0.4999
tension_current,3,UNIVERSAL,91252,42076,22946,0.0508,0.0521,0.0496,0.2360,0.2360,0.8573,0.0000,-0.1421,-0.3306,1.3182,-0.3861,-0.6298,1.1708,-0.7931,1.1577,1.0266,1.1577,0.4665,0.5261,0.4611,0.0000,True,0.5217,0.7188,0.1768,0.5565,0.4917
kf_tension_pred_val,3,UNIVERSAL,91252,42076,22946,0.0677,0.0707,0.0647,0.0728,0.0728,0.8417,0.0000,-0.0474,-0.6448,1.3426,-0.7345,-0.7358,1.0607,-0.8402,1.3517,1.3517,1.2720,0.5948,0.5597,0.4611,0.0000,False,0.5652,0.4638,0.3420,0.5971,0.4904
tension_tide,3,UNIVERSAL,91252,42076,22946,0.0667,0.0700,0.0634,0.0800,0.0800,0.8444,0.0000,-0.0489,-0.6411,1.3249,-0.7451,-0.7399,1.0543,-0.8512,1.3292,1.3292,1.2720,0.5860,0.5608,0.4611,0.0000,False,0.5594,0.4841,0.3188,0.5826,0.4851
kf_tension_pred_vel,5,UNIVERSAL,91252,25542,42298,0.0374,0.0395,0.0354,-0.0570,0.0570,0.8908,0.3392,-0.0044,-0.0029,0.0958,0.0018,0.0016,0.0670,0.0004,1.6330,1.6330,1.3705,0.4254,0.3570,0.2799,0.0065,False,0.4478,0.4304,0.6014,0.4391,0.4801
kf_tension_filt_vel,5,UNIVERSAL,91252,25542,42298,0.0374,0.0395,0.0354,-0.0570,0.0570,0.8908,0.3392,-0.0044,-0.0029,0.0958,0.0018,0.0016,0.0670,0.0004,1.6330,1.6330,1.3705,0.4254,0.3570,0.2799,0.0065,False,0.4478,0.4304,0.6014,0.4391,0.4801
wave_accel,7,UNIVERSAL,91252,16805,56142,0.0388,0.0399,0.0377,-0.0712,0.0712,0.8817,0.0000,0.0672,-0.0031,0.0796,-0.0043,0.0012,0.0537,0.0007,1.5345,1.5345,1.3812,0.2610,0.2349,0.1842,0.0000,False,0.4667,0.4493,0.5101,0.4783,0.4755
d_wave_slope,7,UNIVERSAL,91252,16805,56142,0.0388,0.0399,0.0376,-0.0713,0.0713,0.8817,0.0000,0.0673,-0.0031,0.0796,-0.0042,0.0012,0.0537,0.0007,1.5331,1.5331,1.3811,0.2608,0.2349,0.1842,0.0000,False,0.4638,0.4522,0.5072,0.4754,0.4741
kf_conjugation_filt_vel,5,UNIVERSAL,91252,25542,42298,0.0383,0.0393,0.0372,-0.0992,0.0992,0.8809,0.0000,0.0861,-0.0030,0.0633,-0.0041,0.0022,0.0444,0.0013,1.3993,1.3993,1.1872,0.3702,0.3140,0.2799,-0.0258,False,0.4536,0.5464,0.3957,0.4913,0.4699
kf_conjugation_pred_vel,5,UNIVERSAL,91252,25542,42298,0.0383,0.0393,0.0372,-0.0992,0.0992,0.8809,0.0000,0.0861,-0.0030,0.0633,-0.0041,0.0022,0.0444,0.0013,1.3993,1.3993,1.1872,0.3702,0.3140,0.2799,-0.0258,False,0.4536,0.5464,0.3957,0.4913,0.4699
kf_rsi_filt_vel,5,UNIVERSAL,91252,25542,42298,0.0315,0.0332,0.0298,-0.1151,0.1151,0.9005,0.0000,0.0570,-0.1465,2.2954,-0.0598,0.0861,1.8339,0.1646,1.5070,1.5070,1.2455,0.4004,0.3309,0.2799,0.0024,False,0.3957,0.5696,0.4942,0.3899,0.4626
kf_rsi_pred_vel,5,UNIVERSAL,91252,25542,42298,0.0315,0.0332,0.0298,-0.1151,0.1151,0.9005,0.0000,0.0570,-0.1465,2.2954,-0.0598,0.0861,1.8339,0.1646,1.5070,1.5070,1.2455,0.4004,0.3309,0.2799,0.0024,False,0.3957,0.5696,0.4942,0.3899,0.4626
geo_state_norm,3,UNIVERSAL,91252,42076,22946,0.0293,0.0314,0.0272,0.2384,0.2384,0.9091,0.0000,-0.1241,2.2222,0.9773,2.0985,2.0021,0.8149,1.9272,1.3911,0.8796,1.3911,0.3970,0.6279,0.4611,0.0000,True,0.3768,0.7246,0.3768,0.3652,0.4614
kf_tension_filt_vel,3,UNIVERSAL,91252,42076,22946,0.0417,0.0451,0.0382,-0.0846,0.0846,0.8934,0.0000,0.0210,-0.0031,0.0894,0.0008,0.0037,0.0612,0.0011,1.4188,1.4188,1.1685,0.6259,0.5155,0.4611,0.0000,False,0.4884,0.5000,0.4159,0.4275,0.4610
kf_tension_pred_vel,3,UNIVERSAL,91252,42076,22946,0.0417,0.0451,0.0382,-0.0846,0.0846,0.8934,0.0000,0.0210,-0.0031,0.0894,0.0008,0.0037,0.0612,0.0011,1.4188,1.4188,1.1685,0.6259,0.5155,0.4611,0.0000,False,0.4884,0.5000,0.4159,0.4275,0.4610
d_conj_wave_tide,7,UNIVERSAL,91252,16805,56142,0.0362,0.0372,0.0351,-0.0641,0.0641,0.8853,0.0000,0.0629,-0.0028,0.0795,-0.0042,0.0011,0.0536,0.0005,1.5279,1.5279,1.3811,0.2601,0.2352,0.1842,0.0000,False,0.4377,0.4435,0.4986,0.4609,0.4590
spread_current_wave,5,UNIVERSAL,91252,25542,42298,0.0333,0.0326,0.0340,-0.2498,0.2498,0.8923,0.0000,0.1461,-0.1403,1.1666,-0.1622,0.1572,1.2054,0.2006,1.2573,1.1822,0.7427,0.3338,0.2097,0.2799,-0.0952,True,0.4058,0.7478,0.2551,0.4319,0.4588
kf_conjugation_filt_vel,3,UNIVERSAL,91252,42076,22946,0.0451,0.0472,0.0429,-0.1054,0.1054,0.8731,0.0000,0.1023,-0.0024,0.0597,-0.0035,0.0033,0.0407,0.0024,1.2478,1.2478,1.1180,0.5562,0.4984,0.4611,0.0000,False,0.5058,0.5580,0.2420,0.5145,0.4546
kf_conjugation_pred_vel,3,UNIVERSAL,91252,42076,22946,0.0451,0.0472,0.0429,-0.1054,0.1054,0.8731,0.0000,0.1023,-0.0024,0.0597,-0.0035,0.0033,0.0407,0.0024,1.2478,1.2478,1.1180,0.5562,0.4984,0.4611,0.0000,False,0.5058,0.5580,0.2420,0.5145,0.4546
kf_tension_filt_vel,7,UNIVERSAL,91252,16805,56142,0.0333,0.0348,0.0318,-0.0322,0.0322,0.8906,0.0000,-0.0238,-0.0017,0.0978,0.0032,0.0008,0.0712,0.0002,1.6992,1.6992,1.4868,0.2875,0.2516,0.1842,0.0000,False,0.4101,0.3290,0.6391,0.4449,0.4541
kf_tension_pred_vel,7,UNIVERSAL,91252,16805,56142,0.0333,0.0348,0.0318,-0.0322,0.0322,0.8906,0.0000,-0.0238,-0.0017,0.0978,0.0032,0.0008,0.0712,0.0002,1.6992,1.6992,1.4868,0.2875,0.2516,0.1842,0.0000,False,0.4101,0.3290,0.6391,0.4449,0.4541
kf_rsi_innov,3,UNIVERSAL,91252,42076,22946,0.0438,0.0467,0.0408,0.0242,0.0242,0.8820,0.0483,-0.0094,0.0619,6.1578,0.0163,-0.0758,4.6943,0.0171,1.5622,1.4609,1.5622,0.6263,0.6697,0.4611,0.0000,False,0.5014,0.2928,0.5333,0.4725,0.4514
kf_tension_uncert,3,UNIVERSAL,91252,42076,22946,0.1396,0.1490,0.1302,0.0016,0.0016,0.7866,0.0000,-0.0262,0.0777,0.0860,0.0339,0.0775,0.0861,0.0339,1.1470,0.8530,0.9764,0.3971,0.4546,0.4611,0.0000,False,0.7536,0.0667,0.1681,0.8174,0.4483
kf_tension_uncert,5,UNIVERSAL,91252,25542,42298,0.1145,0.1201,0.1089,0.0098,0.0098,0.8036,0.0000,-0.0244,0.0777,0.0863,0.0339,0.0768,0.0854,0.0339,1.1889,0.8111,0.9773,0.2297,0.2767,0.2799,-0.0002,False,0.6725,0.1739,0.2000,0.7623,0.4477
vol_of_vol_ratio,3,UNIVERSAL,91252,42076,22946,0.0255,0.0278,0.0232,0.2075,0.2075,0.9250,0.0000,-0.0905,0.1194,0.0734,0.1010,0.1052,0.0570,0.0924,1.4070,0.9927,1.4070,0.4442,0.6296,0.4611,0.0000,True,0.3565,0.6957,0.4058,0.2696,0.4362
d_rsi_value,3,UNIVERSAL,91252,42076,22946,0.0409,0.0415,0.0402,-0.0524,0.0524,0.8863,0.0000,0.0400,-0.1062,5.2075,0.0000,0.1480,4.1086,0.5000,1.3952,1.3602,1.3952,0.5934,0.6086,0.4611,0.0000,False,0.4841,0.4116,0.3855,0.4551,0.4355
wave_accel,5,UNIVERSAL,91252,25542,42298,0.0374,0.0382,0.0366,-0.0784,0.0784,0.8816,0.0000,0.0806,-0.0029,0.0753,-0.0041,0.0020,0.0524,0.0016,1.3333,1.3333,1.2466,0.3537,0.3307,0.2799,-0.0208,False,0.4435,0.4783,0.3275,0.4841,0.4313
d_wave_slope,5,UNIVERSAL,91252,25542,42298,0.0374,0.0382,0.0365,-0.0784,0.0784,0.8816,0.0000,0.0807,-0.0029,0.0753,-0.0041,0.0020,0.0524,0.0016,1.3324,1.3324,1.2465,0.3535,0.3307,0.2799,-0.0209,False,0.4406,0.4812,0.3246,0.4812,0.4299
kf_rsi_filt_vel,7,UNIVERSAL,91252,16805,56142,0.0233,0.0242,0.0224,-0.0882,0.0882,0.9130,0.0000,0.0406,-0.1220,2.3404,-0.0366,0.0558,1.9067,0.1401,1.5380,1.5380,1.3522,0.2667,0.2345,0.1842,0.0000,False,0.3406,0.5116,0.5145,0.3435,0.4274
kf_rsi_pred_vel,7,UNIVERSAL,91252,16805,56142,0.0233,0.0242,0.0224,-0.0882,0.0882,0.9130,0.0000,0.0406,-0.1220,2.3404,-0.0366,0.0558,1.9067,0.1401,1.5380,1.5380,1.3522,0.2667,0.2345,0.1842,0.0000,False,0.3406,0.5116,0.5145,0.3435,0.4274
wave_accel,3,UNIVERSAL,91252,42076,22946,0.0398,0.0413,0.0384,-0.0777,0.0777,0.8789,0.0000,0.0913,-0.0023,0.0705,-0.0033,0.0026,0.0483,0.0026,1.2040,1.2040,1.1526,0.5382,0.5152,0.4611,0.0000,False,0.4783,0.4725,0.2145,0.5072,0.4167
d_tension_tide,5,UNIVERSAL,91252,25542,42298,0.0333,0.0345,0.0321,-0.0242,0.0242,0.8941,0.0041,-0.0131,-0.0023,0.1970,0.0025,0.0016,0.1365,-0.0012,1.5755,1.5755,1.4257,0.4102,0.3712,0.2799,-0.0018,False,0.4029,0.2899,0.5536,0.4232,0.4164
d_wave_slope,3,UNIVERSAL,91252,42076,22946,0.0398,0.0413,0.0383,-0.0777,0.0777,0.8790,0.0000,0.0914,-0.0023,0.0705,-0.0033,0.0026,0.0483,0.0026,1.2035,1.2035,1.1525,0.5380,0.5152,0.4611,0.0000,False,0.4754,0.4754,0.2116,0.5043,0.4152
d_conj_wave_tide,5,UNIVERSAL,91252,25542,42298,0.0352,0.0359,0.0344,-0.0721,0.0721,0.8844,0.0000,0.0763,-0.0027,0.0753,-0.0041,0.0018,0.0524,0.0014,1.3271,1.3271,1.2470,0.3522,0.3309,0.2799,-0.0174,False,0.4290,0.4580,0.3159,0.4638,0.4149
sigma_wave,5,UNIVERSAL,91252,25542,42298,0.0207,0.0223,0.0191,-0.1206,0.1206,0.9281,0.0000,0.0636,-0.1059,1.3100,-0.0959,0.0404,1.1515,0.0716,1.5289,1.5289,1.1924,0.4063,0.3169,0.2799,-0.0127,False,0.3043,0.5797,0.5014,0.2522,0.4120
kf_rvol_pred_val,3,UNIVERSAL,91252,42076,22946,0.0224,0.0237,0.0211,0.1780,0.1780,0.9202,0.0000,-0.0907,1.0564,0.5164,0.9590,0.9713,0.3990,0.9074,1.3632,1.0148,1.3632,0.4545,0.6106,0.4611,0.0000,False,0.3304,0.6522,0.3536,0.3043,0.4114
d_conj_wave_tide,3,UNIVERSAL,91252,42076,22946,0.0389,0.0403,0.0376,-0.0726,0.0726,0.8795,0.0000,0.0875,-0.0022,0.0705,-0.0032,0.0024,0.0483,0.0023,1.2022,1.2022,1.1531,0.5374,0.5155,0.4611,0.0000,False,0.4696,0.4609,0.2058,0.4957,0.4067
kf_rsi_norm_innov,3,UNIVERSAL,91252,42076,22946,0.0340,0.0360,0.0319,0.0239,0.0239,0.8962,0.0967,-0.0079,0.0091,0.9623,0.0023,-0.0120,0.7157,0.0024,1.5009,1.4105,1.5009,0.6088,0.6478,0.4611,0.0000,False,0.4232,0.2870,0.4899,0.4116,0.4035
d_tension_tide,7,UNIVERSAL,91252,16805,56142,0.0308,0.0319,0.0296,-0.0145,0.0145,0.8981,0.0000,-0.0219,-0.0016,0.2038,0.0037,0.0007,0.1433,-0.0011,1.6726,1.6726,1.5329,0.2833,0.2596,0.1842,0.0000,False,0.3826,0.2087,0.6203,0.4058,0.4032
d_rsi_value,5,UNIVERSAL,91252,25542,42298,0.0270,0.0272,0.0268,-0.0424,0.0424,0.9074,0.0000,0.0332,-0.1194,5.3783,-0.1000,0.0826,4.3498,0.4000,1.4888,1.4149,1.4888,0.3718,0.3912,0.2799,-0.0065,False,0.3623,0.3855,0.4812,0.3710,0.3996
sigma_wave,3,UNIVERSAL,91252,42076,22946,0.0254,0.0277,0.0231,-0.1436,0.1436,0.9222,0.0000,0.0787,-0.0996,1.2713,-0.0923,0.0757,1.1237,0.1034,1.3386,1.3386,1.0510,0.5998,0.4710,0.4611,0.0000,False,0.3536,0.6029,0.3304,0.2899,0.3974
d_sigma_current,3,UNIVERSAL,91252,42076,22946,0.0426,0.0446,0.0406,-0.0067,0.0067,0.8790,0.1140,-0.0075,-0.0044,0.6637,-0.0018,-0.0003,0.5013,-0.0164,1.4518,1.4518,1.3630,0.6285,0.5901,0.4611,0.0000,False,0.4957,0.1507,0.4377,0.5014,0.3961
spread_current_wave,7,UNIVERSAL,91252,16805,56142,0.0214,0.0210,0.0218,-0.1879,0.1879,0.9128,0.0000,0.1122,-0.1376,1.1661,-0.1740,0.0867,1.2012,0.1203,1.2505,1.1520,0.7495,0.2142,0.1394,0.1842,0.0000,False,0.3130,0.6725,0.2464,0.3478,0.3932
d_sigma_current,7,UNIVERSAL,91252,16805,56142,0.0276,0.0288,0.0264,-0.0094,0.0094,0.9056,0.2275,-0.0061,-0.0050,0.7197,0.0003,0.0005,0.5477,-0.0082,1.7204,1.7204,1.6054,0.2893,0.2699,0.1842,0.0000,False,0.3681,0.1681,0.6493,0.3797,0.3907
d_tension_tide,3,UNIVERSAL,91252,42076,22946,0.0341,0.0360,0.0322,-0.0334,0.0334,0.8964,0.3200,-0.0047,-0.0022,0.1849,0.0015,0.0034,0.1252,-0.0013,1.3920,1.3920,1.2757,0.6109,0.5598,0.4611,0.0000,False,0.4261,0.3391,0.3797,0.4087,0.3893
sigma_wave,7,UNIVERSAL,91252,16805,56142,0.0155,0.0163,0.0146,-0.0902,0.0902,0.9344,0.0000,0.0454,-0.0940,1.3307,-0.0757,0.0150,1.1701,0.0361,1.5794,1.5794,1.2890,0.2742,0.2238,0.1842,0.0000,False,0.2319,0.5217,0.5623,0.2261,0.3858
kf_tension_innov,5,UNIVERSAL,91252,25542,42298,0.0333,0.0346,0.0320,0.0096,0.0096,0.9036,0.0787,-0.0080,0.0014,0.2262,-0.0006,-0.0003,0.1545,-0.0017,1.6006,1.6006,1.5751,0.4124,0.4059,0.2799,-0.0028,False,0.4000,0.1710,0.5797,0.3855,0.3848
d_sigma_current,5,UNIVERSAL,91252,25542,42298,0.0312,0.0325,0.0298,-0.0089,0.0089,0.8985,0.1126,-0.0073,-0.0049,0.6962,-0.0004,0.0004,0.5295,-0.0127,1.6057,1.6057,1.4927,0.4153,0.3861,0.2799,-0.0020,False,0.3884,0.1652,0.5826,0.4029,0.3841
kf_tension_innov,7,UNIVERSAL,91252,16805,56142,0.0301,0.0314,0.0288,0.0055,0.0055,0.9067,0.3515,-0.0047,0.0006,0.2329,-0.0007,-0.0004,0.1632,-0.0014,1.7204,1.7204,1.6539,0.2893,0.2781,0.1842,0.0000,False,0.3797,0.1304,0.6464,0.3739,0.3829
vol_adj_delta,7,UNIVERSAL,91252,16805,56142,0.0311,0.0304,0.0319,0.0339,0.0339,0.8990,0.0000,-0.0341,0.0079,0.1096,-0.0026,0.0035,0.1388,-0.0059,1.4150,0.5850,0.8628,0.1131,0.1668,0.1842,0.0000,False,0.3855,0.3420,0.4116,0.3942,0.3829
kf_rsi_innov,5,UNIVERSAL,91252,25542,42298,0.0268,0.0283,0.0252,0.0124,0.0124,0.9094,0.5865,-0.0025,0.0438,6.3562,-0.0262,-0.0250,5.0241,0.0302,1.6780,1.5598,1.6780,0.4019,0.4324,0.2799,-0.0075,False,0.3594,0.1797,0.6232,0.3623,0.3810
kalman_velocity,7,UNIVERSAL,91252,16805,56142,0.0197,0.0206,0.0188,0.0365,0.0365,0.9216,0.1113,-0.0081,0.0063,0.1643,-0.0051,0.0013,0.1284,-0.0067,1.5795,1.5145,1.5795,0.2581,0.2691,0.1842,0.0000,False,0.2841,0.3536,0.5652,0.2957,0.3741
d_rsi_value,7,UNIVERSAL,91252,16805,56142,0.0213,0.0216,0.0210,-0.0346,0.0346,0.9200,0.0000,0.0281,-0.1134,5.4889,-0.1000,0.0498,4.4554,0.3000,1.5466,1.4499,1.5466,0.2497,0.2663,0.1842,0.0000,False,0.3101,0.3449,0.5217,0.3072,0.3712
kf_rsi_norm_innov,5,UNIVERSAL,91252,25542,42298,0.0239,0.0251,0.0228,0.0113,0.0113,0.9123,0.9643,-0.0002,0.0059,1.0115,-0.0041,-0.0039,0.7583,0.0041,1.6378,1.5673,1.6378,0.4046,0.4227,0.2799,-0.0087,False,0.3478,0.1768,0.6058,0.3536,0.3707
kf_rvol_filt_vel,7,UNIVERSAL,91252,16805,56142,0.0204,0.0215,0.0194,0.0272,0.0272,0.9224,0.7590,-0.0016,0.0053,0.1780,-0.0071,0.0013,0.1391,-0.0076,1.5729,1.5523,1.5729,0.2643,0.2678,0.1842,0.0000,False,0.2971,0.3087,0.5493,0.2826,0.3601
kf_rvol_pred_vel,7,UNIVERSAL,91252,16805,56142,0.0204,0.0215,0.0194,0.0272,0.0272,0.9224,0.7590,-0.0016,0.0053,0.1780,-0.0071,0.0013,0.1391,-0.0076,1.5729,1.5523,1.5729,0.2643,0.2678,0.1842,0.0000,False,0.2971,0.3087,0.5493,0.2826,0.3601
kf_tension_innov,3,UNIVERSAL,91252,42076,22946,0.0334,0.0353,0.0316,0.0154,0.0154,0.9049,0.0003,-0.0169,0.0017,0.2124,-0.0004,-0.0013,0.1411,-0.0020,1.4098,1.4098,1.3952,0.6139,0.6075,0.4611,0.0000,False,0.4174,0.2203,0.4087,0.3826,0.3590
d_compression_ratio,7,UNIVERSAL,91252,16805,56142,0.0089,0.0094,0.0084,0.1413,0.1413,0.9574,0.0000,-0.0507,0.0036,0.0417,0.0003,-0.0015,0.0339,-0.0004,1.4691,0.9363,1.4691,0.1672,0.2624,0.1842,0.0000,False,0.1797,0.6000,0.4696,0.1652,0.3543
vol_adj_delta,5,UNIVERSAL,91252,25542,42298,0.0313,0.0307,0.0319,0.0209,0.0209,0.8949,0.0000,-0.0212,0.0071,0.1154,-0.0033,0.0043,0.1410,-0.0051,1.3576,0.6424,0.8740,0.1878,0.2555,0.2799,0.0460,False,0.3913,0.2667,0.3478,0.4145,0.3539
spread_tide_current,7,UNIVERSAL,91252,16805,56142,0.0174,0.0179,0.0168,-0.1487,0.1487,0.9250,0.0000,0.0841,-0.1238,1.6041,-0.1582,0.1043,1.5129,0.1103,1.2896,1.2896,0.8661,0.2343,0.1574,0.1842,0.0000,False,0.2551,0.6058,0.2841,0.2725,0.3535
d_kalman_velocity,7,UNIVERSAL,91252,16805,56142,0.0154,0.0160,0.0149,-0.0488,0.0488,0.9303,0.0000,0.0286,-0.0069,0.1651,-0.0034,-0.0000,0.1335,0.0024,1.5568,1.5568,1.3718,0.2676,0.2358,0.1842,0.0000,False,0.2290,0.4087,0.5275,0.2464,0.3520
vol_up_down_ratio,7,UNIVERSAL,91252,16805,56142,0.0189,0.0184,0.0195,-0.0701,0.0701,0.9417,0.0000,0.0423,1.0247,0.4287,0.9800,1.0526,0.3884,0.9900,1.4688,1.4688,0.9465,0.2617,0.1686,0.1842,0.0000,False,0.2667,0.4464,0.4667,0.2058,0.3494
vol_up_down_ratio,5,UNIVERSAL,91252,25542,42298,0.0201,0.0210,0.0193,-0.0863,0.0863,0.9368,0.0000,0.0543,1.0235,0.4202,0.9800,1.0577,0.3827,1.0000,1.3809,1.3809,0.8940,0.3767,0.2439,0.2799,-0.0086,False,0.2899,0.5072,0.3623,0.2232,0.3490
kf_rvol_innov,7,UNIVERSAL,91252,16805,56142,0.0151,0.0156,0.0146,-0.0474,0.0474,0.9317,0.0000,0.0263,-0.0229,0.5577,-0.0059,-0.0002,0.4517,0.0103,1.5444,1.5444,1.3726,0.2658,0.2362,0.1842,0.0000,False,0.2261,0.4058,0.5188,0.2435,0.3477
kf_rsi_innov,7,UNIVERSAL,91252,16805,56142,0.0205,0.0214,0.0196,0.0061,0.0061,0.9244,0.7831,0.0014,0.0187,6.4713,-0.0779,-0.0150,5.1611,0.0272,1.7253,1.6306,1.7253,0.2755,0.2915,0.1842,0.0000,False,0.3014,0.1391,0.6580,0.2754,0.3448
d_compression_ratio,5,UNIVERSAL,91252,25542,42298,0.0110,0.0116,0.0103,0.1328,0.1328,0.9494,0.0000,-0.0550,0.0029,0.0405,0.0002,-0.0019,0.0333,-0.0005,1.3823,0.9387,1.3823,0.2564,0.3776,0.2799,0.0681,False,0.2029,0.5971,0.3652,0.1797,0.3374
vol_adj_delta,3,UNIVERSAL,91252,42076,22946,0.0404,0.0398,0.0410,-0.0030,0.0030,0.8815,0.0599,-0.0089,0.0050,0.1144,-0.0041,0.0054,0.1528,-0.0048,1.2780,0.7220,0.8622,0.3454,0.4124,0.4611,0.0000,False,0.4812,0.0957,0.2696,0.4870,0.3330
kf_rsi_norm_innov,7,UNIVERSAL,91252,16805,56142,0.0201,0.0210,0.0193,0.0045,0.0045,0.9204,0.4893,0.0035,0.0018,1.0314,-0.0105,-0.0020,0.7834,0.0037,1.6805,1.6378,1.6805,0.2772,0.2845,0.1842,0.0000,False,0.2928,0.1101,0.6261,0.2986,0.3316
vol_up_down_ratio,3,UNIVERSAL,91252,42076,22946,0.0216,0.0219,0.0212,-0.1165,0.1165,0.9369,0.0000,0.0737,1.0248,0.4042,0.9800,1.0708,0.3758,1.0100,1.1812,1.1812,0.8272,0.5412,0.3790,0.4611,0.0000,False,0.3188,0.5768,0.1884,0.2203,0.3310
d_kalman_velocity,5,UNIVERSAL,91252,25542,42298,0.0149,0.0155,0.0144,-0.0425,0.0425,0.9321,0.0000,0.0258,-0.0059,0.1636,-0.0022,0.0001,0.1278,0.0024,1.4719,1.4719,1.3014,0.3891,0.3440,0.2799,-0.0354,False,0.2232,0.3913,0.4725,0.2406,0.3310
kf_rvol_innov,5,UNIVERSAL,91252,25542,42298,0.0145,0.0150,0.0140,-0.0410,0.0410,0.9325,0.0000,0.0232,-0.0196,0.5532,-0.0036,0.0001,0.4324,0.0103,1.4642,1.4642,1.3059,0.3872,0.3454,0.2799,-0.0350,False,0.2203,0.3826,0.4551,0.2377,0.3230
kalman_velocity,5,UNIVERSAL,91252,25542,42298,0.0190,0.0199,0.0181,0.0213,0.0213,0.9274,0.4189,0.0037,0.0050,0.1604,-0.0062,0.0021,0.1230,-0.0055,1.4688,1.4240,1.4688,0.3744,0.3861,0.2799,0.0463,False,0.2696,0.2725,0.4638,0.2551,0.3159
d_wave_accel,7,UNIVERSAL,91252,16805,56142,0.0219,0.0222,0.0216,0.0172,0.0172,0.9059,0.3757,-0.0045,0.0007,0.0601,0.0000,-0.0001,0.0411,-0.0000,1.3024,1.2444,1.3024,0.2163,0.2264,0.1842,0.0000,False,0.3246,0.2406,0.3043,0.3768,0.3090
rsi_divergence_strength,7,UNIVERSAL,91252,16805,56142,0.0103,0.0110,0.0097,0.1075,0.1075,0.9587,0.0000,-0.0397,0.0519,0.1341,0.0000,0.0390,0.1147,0.0000,1.3043,0.9909,1.3043,0.1777,0.2339,0.1842,0.0000,False,0.1913,0.5652,0.3072,0.1565,0.3068
kf_rvol_norm_innov,7,UNIVERSAL,91252,16805,56142,0.0101,0.0104,0.0098,-0.0446,0.0446,0.9448,0.0000,0.0270,-0.0597,1.5031,-0.0135,-0.0006,1.2674,0.0247,1.4463,1.4463,1.2648,0.2516,0.2200,0.1842,0.0000,False,0.1884,0.4000,0.4290,0.2000,0.3038
d_compression_ratio,3,UNIVERSAL,91252,42076,22946,0.0128,0.0136,0.0120,0.1246,0.1246,0.9490,0.0000,-0.0610,0.0019,0.0385,0.0001,-0.0026,0.0319,-0.0008,1.2238,0.9254,1.2238,0.4223,0.5585,0.4611,0.0000,False,0.2116,0.5855,0.2290,0.1826,0.3036
d2_tension_tide,5,UNIVERSAL,91252,25542,42298,0.0233,0.0241,0.0225,0.0023,0.0023,0.9199,0.5979,0.0024,0.0004,0.2833,-0.0006,-0.0001,0.1966,-0.0005,1.4905,1.4905,1.4481,0.3927,0.3815,0.2799,-0.0035,False,0.3362,0.0783,0.4841,0.3101,0.3035
d2_conj_wave_tide,7,UNIVERSAL,91252,16805,56142,0.0213,0.0216,0.0210,0.0176,0.0176,0.9075,0.3266,-0.0050,0.0007,0.0599,0.0000,-0.0001,0.0410,0.0000,1.3005,1.2375,1.3005,0.2152,0.2262,0.1842,0.0000,False,0.3072,0.2435,0.3014,0.3681,0.3020
d2_rsi_value,3,UNIVERSAL,91252,42076,22946,0.0236,0.0247,0.0225,0.0066,0.0066,0.9138,0.4388,-0.0037,0.0301,7.4841,-0.1000,-0.0163,6.1056,-0.1000,1.3898,1.3459,1.3898,0.5882,0.6074,0.4611,0.0000,False,0.3449,0.1478,0.3710,0.3391,0.3010
kf_rvol_filt_vel,5,UNIVERSAL,91252,25542,42298,0.0191,0.0200,0.0181,0.0141,0.0141,0.9264,0.0515,0.0089,0.0042,0.1739,-0.0079,0.0021,0.1334,-0.0065,1.4630,1.4454,1.4630,0.3796,0.3842,0.2799,0.0381,False,0.2768,0.2014,0.4507,0.2623,0.2986
kf_rvol_pred_vel,5,UNIVERSAL,91252,25542,42298,0.0191,0.0200,0.0181,0.0141,0.0141,0.9264,0.0515,0.0089,0.0042,0.1739,-0.0079,0.0021,0.1334,-0.0065,1.4630,1.4454,1.4630,0.3796,0.3842,0.2799,0.0381,False,0.2768,0.2014,0.4507,0.2623,0.2986
kf_tension_norm_innov,5,UNIVERSAL,91252,25542,42298,0.0241,0.0252,0.0230,-0.0028,0.0028,0.9164,0.0426,-0.0093,-0.0018,1.6572,-0.0015,0.0018,0.9882,-0.0043,1.4289,1.4289,1.4289,0.3748,0.3748,0.2799,-0.0056,False,0.3507,0.0841,0.4203,0.3275,0.2968
kf_tension_norm_innov,7,UNIVERSAL,91252,16805,56142,0.0223,0.0230,0.0215,-0.0030,0.0030,0.9223,0.2510,-0.0058,-0.0037,1.5036,-0.0020,-0.0000,1.1627,-0.0037,1.4662,1.4662,1.4394,0.2518,0.2472,0.1842,0.0000,False,0.3275,0.0928,0.4609,0.2870,0.2941
d2_tension_tide,7,UNIVERSAL,91252,16805,56142,0.0191,0.0197,0.0185,0.0018,0.0018,0.9250,0.9790,0.0001,0.0002,0.2940,-0.0004,-0.0002,0.2052,-0.0006,1.5767,1.5767,1.4851,0.2715,0.2558,0.1842,0.0000,False,0.2725,0.0725,0.5565,0.2667,0.2923
kf_conjugation_innov,3,UNIVERSAL,91252,42076,22946,0.0216,0.0216,0.0215,0.0361,0.0361,0.9127,0.0366,-0.0099,0.0002,0.0803,-0.0003,-0.0025,0.0616,-0.0000,1.0884,1.0425,1.0884,0.4723,0.4931,0.4611,0.0000,False,0.3159,0.3507,0.1333,0.3507,0.2859
d_conj_wave_current,7,UNIVERSAL,91252,16805,56142,0.0198,0.0202,0.0194,-0.0124,0.0124,0.9146,0.0000,0.0229,-0.0006,0.0775,-0.0019,0.0001,0.0530,-0.0001,1.3554,1.3554,1.3352,0.2352,0.2316,0.1842,0.0000,False,0.2870,0.1826,0.3449,0.3362,0.2852
kf_conjugation_innov,7,UNIVERSAL,91252,16805,56142,0.0185,0.0187,0.0183,0.0210,0.0210,0.9159,0.9279,0.0005,0.0009,0.0886,-0.0003,-0.0005,0.0651,0.0002,1.2761,1.1738,1.2761,0.2062,0.2242,0.1842,0.0000,False,0.2609,0.2696,0.2667,0.3333,0.2790
kf_rvol_norm_innov,5,UNIVERSAL,91252,25542,42298,0.0092,0.0095,0.0089,-0.0387,0.0387,0.9486,0.0000,0.0241,-0.0513,1.4989,-0.0078,0.0003,1.2246,0.0248,1.3903,1.3903,1.2277,0.3710,0.3276,0.2799,-0.0335,False,0.1826,0.3710,0.3739,0.1884,0.2787
geo_accel_align,7,UNIVERSAL,91252,16805,56142,0.0066,0.0066,0.0067,0.0838,0.0838,0.9517,0.0000,-0.0496,0.0984,0.7038,0.1828,0.0400,0.6952,0.0274,1.2537,0.8707,1.2537,0.1587,0.2285,0.1842,0.0000,False,0.1681,0.4928,0.2522,0.1739,0.2714
spread_tide_current,5,UNIVERSAL,91252,25542,42298,0.0114,0.0116,0.0111,-0.0769,0.0769,0.9416,0.0000,0.0439,-0.0364,1.6057,-0.0253,0.0823,1.5068,0.0779,1.1862,1.1862,0.9719,0.3274,0.2682,0.2799,-0.0670,False,0.2087,0.4696,0.1942,0.2087,0.2703
d_conj_wave_current,5,UNIVERSAL,91252,25542,42298,0.0180,0.0182,0.0179,-0.0188,0.0188,0.9194,0.0000,0.0339,-0.0008,0.0736,-0.0023,0.0003,0.0518,0.0004,1.2214,1.2214,1.2214,0.3283,0.3283,0.2799,0.0113,False,0.2580,0.2580,0.2261,0.3159,0.2616
d2_tension_tide,3,UNIVERSAL,91252,42076,22946,0.0217,0.0227,0.0206,0.0057,0.0057,0.9270,0.9083,0.0005,0.0008,0.2665,-0.0005,-0.0006,0.1808,-0.0006,1.3246,1.3246,1.3231,0.5849,0.5843,0.4611,0.0000,False,0.3217,0.1333,0.3130,0.2580,0.2597
d_conj_wave_current,3,UNIVERSAL,91252,42076,22946,0.0195,0.0201,0.0190,-0.0234,0.0234,0.9203,0.0000,0.0442,-0.0012,0.0691,-0.0021,0.0003,0.0478,0.0008,1.1533,1.1533,1.1362,0.5194,0.5117,0.4611,0.0000,False,0.2812,0.2783,0.1739,0.3014,0.2577
kf_conjugation_innov,5,UNIVERSAL,91252,25542,42298,0.0185,0.0186,0.0184,0.0214,0.0214,0.9163,0.6769,-0.0019,0.0005,0.0847,-0.0004,-0.0011,0.0651,0.0001,1.1460,1.0614,1.1460,0.2888,0.3119,0.2799,0.0090,False,0.2638,0.2754,0.1623,0.3304,0.2546
d2_kalman_velocity,7,UNIVERSAL,91252,16805,56142,0.0098,0.0102,0.0095,-0.0182,0.0182,0.9473,0.2137,-0.0063,-0.0041,0.2376,0.0165,-0.0003,0.1973,0.0140,1.3920,1.3816,1.3920,0.2406,0.2424,0.1842,0.0000,False,0.1855,0.2522,0.3826,0.1913,0.2526
d_kalman_velocity,3,UNIVERSAL,91252,42076,22946,0.0110,0.0114,0.0106,-0.0295,0.0295,0.9405,0.0001,0.0189,-0.0038,0.1533,-0.0007,0.0004,0.1232,0.0024,1.2829,1.2829,1.1717,0.5718,0.5222,0.4611,0.0000,False,0.2058,0.3159,0.2754,0.2116,0.2519
kf_tension_norm_innov,3,UNIVERSAL,91252,42076,22946,0.0231,0.0241,0.0220,0.0008,0.0008,0.9180,0.0001,-0.0185,0.0015,1.5096,-0.0011,0.0004,0.9055,-0.0050,1.2827,1.2723,1.2827,0.5619,0.5665,0.4611,0.0000,False,0.3333,0.0638,0.2725,0.3246,0.2490
kf_rvol_innov,3,UNIVERSAL,91252,42076,22946,0.0109,0.0113,0.0105,-0.0280,0.0280,0.9403,0.0005,0.0166,-0.0125,0.5180,0.0018,0.0011,0.4166,0.0100,1.2701,1.2701,1.1758,0.5665,0.5244,0.4611,0.0000,False,0.1971,0.3130,0.2580,0.2145,0.2448
spread_tide_current,3,UNIVERSAL,91252,42076,22946,0.0144,0.0147,0.0142,-0.0376,0.0376,0.9303,0.0000,0.0235,0.0059,1.6078,0.0093,0.0645,1.4666,0.0620,1.1372,1.1372,1.0568,0.5150,0.4786,0.4611,0.0000,False,0.2174,0.3623,0.1565,0.2493,0.2448
d2_rsi_value,5,UNIVERSAL,91252,25542,42298,0.0128,0.0133,0.0123,0.0039,0.0039,0.9374,0.6320,-0.0022,0.0204,7.6643,0.0000,-0.0067,6.4040,-0.1000,1.4442,1.3987,1.4442,0.3695,0.3815,0.2799,-0.0033,False,0.2145,0.1072,0.4261,0.2174,0.2412
d2_rsi_value,7,UNIVERSAL,91252,16805,56142,0.0109,0.0115,0.0104,0.0029,0.0029,0.9455,0.5691,-0.0029,0.0088,7.7738,0.0000,-0.0108,6.5204,-0.1000,1.4805,1.4652,1.4805,0.2541,0.2567,0.1842,0.0000,False,0.2000,0.0870,0.4783,0.1971,0.2407
d_wave_accel,5,UNIVERSAL,91252,25542,42298,0.0170,0.0172,0.0168,0.0146,0.0146,0.9186,0.1039,-0.0074,0.0004,0.0568,0.0000,-0.0003,0.0411,-0.0001,1.1799,1.1319,1.1799,0.3048,0.3178,0.2799,0.0068,False,0.2522,0.2116,0.1855,0.3188,0.2387
d2_conj_wave_tide,5,UNIVERSAL,91252,25542,42298,0.0163,0.0165,0.0161,0.0151,0.0151,0.9198,0.0812,-0.0080,0.0004,0.0567,0.0000,-0.0003,0.0410,-0.0001,1.1786,1.1265,1.1786,0.3035,0.3176,0.2799,0.0070,False,0.2406,0.2145,0.1826,0.3130,0.2341
geo_accel_align,3,UNIVERSAL,91252,42076,22946,0.0061,0.0061,0.0062,-0.0750,0.0750,0.9508,0.0000,0.0415,0.0320,0.6943,0.0074,0.0843,0.7056,0.1387,1.0754,0.9246,0.9870,0.4284,0.4574,0.4611,0.0000,False,0.1594,0.4667,0.1304,0.1768,0.2325
d2_kalman_velocity,5,UNIVERSAL,91252,25542,42298,0.0105,0.0109,0.0101,-0.0142,0.0142,0.9447,0.0151,-0.0111,-0.0034,0.2370,0.0168,-0.0004,0.1887,0.0135,1.3300,1.3300,1.3275,0.3550,0.3544,0.2799,-0.0181,False,0.1942,0.2058,0.3217,0.2029,0.2307
d_wave_accel,3,UNIVERSAL,91252,42076,22946,0.0162,0.0163,0.0161,0.0179,0.0179,0.9220,0.0079,-0.0126,0.0002,0.0531,0.0000,-0.0006,0.0390,-0.0001,1.1255,1.0933,1.1255,0.4916,0.5060,0.4611,0.0000,False,0.2377,0.2493,0.1478,0.2928,0.2291
kf_rvol_pred_vel,3,UNIVERSAL,91252,42076,22946,0.0164,0.0173,0.0155,-0.0074,0.0074,0.9331,0.0000,0.0203,0.0017,0.1630,-0.0089,0.0029,0.1279,-0.0055,1.2840,1.2840,1.2692,0.5698,0.5632,0.4611,0.0000,False,0.2449,0.1551,0.2797,0.2333,0.2288
kf_rvol_filt_vel,3,UNIVERSAL,91252,42076,22946,0.0164,0.0173,0.0155,-0.0074,0.0074,0.9331,0.0000,0.0203,0.0017,0.1630,-0.0089,0.0029,0.1279,-0.0055,1.2840,1.2840,1.2692,0.5698,0.5632,0.4611,0.0000,False,0.2449,0.1551,0.2797,0.2333,0.2288
d2_conj_wave_tide,3,UNIVERSAL,91252,42076,22946,0.0157,0.0158,0.0156,0.0183,0.0183,0.9238,0.0056,-0.0131,0.0003,0.0530,0.0000,-0.0006,0.0389,-0.0001,1.1242,1.0901,1.1242,0.4902,0.5056,0.4611,0.0000,False,0.2348,0.2551,0.1449,0.2783,0.2261
d_fear_level,5,UNIVERSAL,91252,25542,42298,0.0032,0.0031,0.0034,0.0537,0.0537,0.9827,0.0000,-0.0168,0.0137,0.4437,0.0000,-0.0109,0.4682,0.0000,1.2198,0.7802,0.9686,0.2212,0.2746,0.2799,0.0182,False,0.1246,0.4145,0.2232,0.1188,0.2206
d_fear_level,7,UNIVERSAL,91252,16805,56142,0.0033,0.0031,0.0035,0.0379,0.0379,0.9816,0.0000,-0.0134,0.0110,0.4345,0.0000,-0.0066,0.4738,0.0000,1.2426,0.7574,0.9332,0.1417,0.1746,0.1842,0.0000,False,0.1275,0.3652,0.2377,0.1217,0.2133
kalman_velocity,3,UNIVERSAL,91252,42076,22946,0.0165,0.0175,0.0155,-0.0039,0.0039,0.9332,0.0003,0.0172,0.0023,0.1504,-0.0073,0.0028,0.1181,-0.0046,1.2703,1.2703,1.2699,0.5641,0.5639,0.4611,0.0000,False,0.2493,0.1043,0.2609,0.2290,0.2119
rsi_divergence_strength,5,UNIVERSAL,91252,25542,42298,0.0050,0.0051,0.0049,0.0549,0.0549,0.9755,0.0000,-0.0163,0.0472,0.1289,0.0000,0.0405,0.1169,0.0000,1.1179,0.9962,1.1179,0.2756,0.3093,0.2799,0.0612,False,0.1507,0.4203,0.1391,0.1304,0.2112
d_sigma_wave,3,UNIVERSAL,91252,42076,22946,0.0078,0.0078,0.0077,0.0178,0.0178,0.9472,0.0001,-0.0185,0.0039,0.8822,-0.0066,-0.0113,0.8106,-0.0400,1.2282,1.2282,1.2164,0.5474,0.5422,0.4611,0.0000,False,0.1710,0.2464,0.2319,0.1942,0.2097
kf_rvol_norm_innov,3,UNIVERSAL,91252,42076,22946,0.0062,0.0063,0.0060,-0.0261,0.0261,0.9601,0.0001,0.0181,-0.0326,1.4200,0.0041,0.0023,1.1699,0.0247,1.2177,1.2177,1.1333,0.5470,0.5091,0.4611,0.0000,False,0.1623,0.2986,0.2203,0.1507,0.2086
d_sigma_wave,7,UNIVERSAL,91252,16805,56142,0.0083,0.0085,0.0082,0.0048,0.0048,0.9488,0.1220,-0.0078,0.0010,0.9208,-0.0106,-0.0031,0.8131,-0.0241,1.3745,1.3745,1.3282,0.2406,0.2325,0.1842,0.0000,False,0.1739,0.1130,0.3565,0.1855,0.2067
d_fear_level,3,UNIVERSAL,91252,42076,22946,0.0023,0.0023,0.0024,0.0568,0.0568,0.9868,0.0000,-0.0181,0.0104,0.4583,0.0000,-0.0155,0.4528,0.0000,1.1347,0.8653,1.0065,0.4016,0.4671,0.4611,0.0000,False,0.1217,0.4261,0.1507,0.1159,0.2039
d_sigma_wave,5,UNIVERSAL,91252,25542,42298,0.0062,0.0063,0.0062,0.0087,0.0087,0.9521,0.0100,-0.0118,0.0014,0.9028,-0.0079,-0.0060,0.8134,-0.0304,1.2966,1.2966,1.2697,0.3482,0.3410,0.2799,-0.0073,False,0.1652,0.1623,0.2899,0.1710,0.1968
kf_conjugation_norm_innov,3,UNIVERSAL,91252,42076,22946,0.0057,0.0056,0.0058,0.0299,0.0299,0.9579,0.3258,-0.0047,0.0005,0.4687,-0.0014,-0.0127,0.3896,-0.0001,1.0276,0.9724,1.0245,0.4464,0.4703,0.4611,0.0000,False,0.1536,0.3188,0.1188,0.1623,0.1880
wave_flip_direction,3,UNIVERSAL,91252,42076,22946,0.0009,0.0009,0.0009,-0.0425,0.0425,0.9955,0.0000,0.0087,-0.0033,0.2088,0.0000,0.0056,0.2086,0.0000,1.0036,0.9998,0.9964,0.4627,0.4612,0.4611,0.0000,False,0.1072,0.3884,0.1072,0.1072,0.1775
wave_flip_direction,5,UNIVERSAL,91252,25542,42298,0.0017,0.0016,0.0018,-0.0392,0.0392,0.9912,0.0000,0.0081,-0.0043,0.1987,0.0000,0.0040,0.2197,0.0000,1.0063,0.9981,0.9937,0.2816,0.2804,0.2799,-0.0133,False,0.1101,0.3739,0.1130,0.1101,0.1768
d2_kalman_velocity,3,UNIVERSAL,91252,42076,22946,0.0087,0.0091,0.0083,-0.0062,0.0062,0.9533,0.0115,-0.0120,-0.0018,0.2217,0.0159,-0.0005,0.1831,0.0130,1.2082,1.1962,1.2082,0.5354,0.5407,0.4611,0.0000,False,0.1768,0.1420,0.2174,0.1681,0.1765
d2_sigma_wave,7,UNIVERSAL,91252,16805,56142,0.0049,0.0050,0.0049,0.0023,0.0023,0.9586,0.6367,-0.0024,0.0013,1.3443,0.0000,-0.0015,1.2106,-0.0082,1.2985,1.2985,1.2799,0.2290,0.2257,0.1842,0.0000,False,0.1478,0.0754,0.2928,0.1594,0.1683
wave_flip_direction,7,UNIVERSAL,91252,16805,56142,0.0022,0.0021,0.0023,-0.0264,0.0264,0.9879,0.0026,0.0056,-0.0033,0.1925,0.0000,0.0024,0.2218,0.0000,1.0070,0.9963,0.9930,0.1854,0.1848,0.1842,0.0000,False,0.1188,0.3014,0.1159,0.1130,0.1626
d_vol_up_down_ratio,7,UNIVERSAL,91252,16805,56142,0.0059,0.0061,0.0057,-0.0052,0.0052,0.9590,0.0157,0.0123,-0.0021,0.3713,0.0000,-0.0003,0.3312,0.0000,1.1849,1.1849,1.1814,0.2121,0.2115,0.1842,0.0000,False,0.1565,0.1275,0.1913,0.1536,0.1574
rsi_divergence_strength,3,UNIVERSAL,91252,42076,22946,0.0043,0.0041,0.0045,0.0157,0.0157,0.9772,0.0017,0.0107,0.0442,0.1259,0.0000,0.0422,0.1155,0.0000,1.0357,1.0026,1.0357,0.4610,0.4763,0.4611,0.0000,False,0.1391,0.2290,0.1217,0.1246,0.1543
d2_sigma_wave,5,UNIVERSAL,91252,25542,42298,0.0037,0.0037,0.0036,0.0017,0.0017,0.9630,0.9101,-0.0005,0.0018,1.3187,-0.0064,-0.0003,1.2177,-0.0067,1.2510,1.2218,1.2510,0.3303,0.3382,0.2799,-0.0044,False,0.1333,0.0696,0.2493,0.1449,0.1487
kf_conjugation_norm_innov,7,UNIVERSAL,91252,16805,56142,0.0021,0.0021,0.0021,0.0153,0.0153,0.9761,0.3964,0.0043,0.0036,0.5116,-0.0014,-0.0029,0.4023,0.0010,1.0715,1.0607,1.0715,0.1933,0.1953,0.1842,0.0000,False,0.1159,0.2174,0.1275,0.1275,0.1465
d2_sigma_wave,3,UNIVERSAL,91252,42076,22946,0.0042,0.0042,0.0041,0.0030,0.0030,0.9630,0.7748,-0.0014,0.0041,1.2934,-0.0076,0.0003,1.2251,-0.0035,1.2024,1.1681,1.2024,0.5231,0.5385,0.4611,0.0000,False,0.1362,0.0899,0.2087,0.1391,0.1433
kf_conjugation_norm_innov,5,UNIVERSAL,91252,25542,42298,0.0036,0.0035,0.0037,0.0138,0.0138,0.9673,0.5560,0.0027,0.0006,0.4877,-0.0019,-0.0055,0.4057,0.0008,1.0045,0.9955,1.0042,0.2772,0.2796,0.2799,0.0002,False,0.1304,0.1971,0.1101,0.1362,0.1432
geo_accel_align,5,UNIVERSAL,91252,25542,42298,0.0019,0.0019,0.0019,0.0133,0.0133,0.9744,0.0434,-0.0092,0.0619,0.6998,0.0802,0.0526,0.6991,0.0589,1.1177,0.8867,1.1177,0.2476,0.3122,0.2799,0.1100,False,0.1130,0.1884,0.1362,0.1333,0.1417
kf_tension_gain,5,UNIVERSAL,91252,25542,42298,0.0000,0.0000,0.0000,0.0384,0.0384,1.0000,0.0000,-0.0035,0.6395,0.0085,0.6393,0.6393,0.0037,0.6393,1.0018,1.0000,1.0018,0.2794,0.2799,0.2799,0.0320,False,0.0536,0.3681,0.0913,0.0536,0.1417
d_vol_up_down_ratio,5,UNIVERSAL,91252,25542,42298,0.0049,0.0050,0.0048,-0.0051,0.0051,0.9617,0.0027,0.0137,-0.0020,0.3653,0.0000,-0.0003,0.3244,0.0000,1.1197,1.1146,1.1197,0.3058,0.3072,0.2799,0.0021,False,0.1449,0.1246,0.1420,0.1478,0.1397
kf_conjugation_gain,5,UNIVERSAL,91252,25542,42298,0.0000,0.0000,0.0000,0.0373,0.0373,1.0000,0.0000,-0.0035,0.6396,0.0094,0.6393,0.6393,0.0045,0.6393,1.0018,1.0000,1.0018,0.2794,0.2799,0.2799,0.0339,False,0.0536,0.3565,0.0913,0.0536,0.1388
kf_conjugation_gain,7,UNIVERSAL,91252,16805,56142,0.0000,0.0000,0.0000,0.0325,0.0325,1.0000,0.0000,-0.0031,0.6396,0.0103,0.6393,0.6394,0.0063,0.6393,1.0022,1.0000,1.0022,0.1838,0.1842,0.1842,0.0000,False,0.0536,0.3333,0.1029,0.0536,0.1359
kf_rvol_gain,5,UNIVERSAL,91252,25542,42298,0.0000,0.0000,0.0000,0.0360,0.0360,1.0000,0.0000,-0.0033,0.6669,0.0077,0.6667,0.6667,0.0036,0.6667,1.0017,1.0000,1.0017,0.2794,0.2799,0.2799,0.0319,False,0.0536,0.3478,0.0841,0.0536,0.1348
kf_tension_gain,7,UNIVERSAL,91252,16805,56142,0.0000,0.0000,0.0000,0.0308,0.0308,1.0000,0.0000,-0.0031,0.6396,0.0091,0.6393,0.6394,0.0057,0.6393,1.0022,1.0000,1.0022,0.1838,0.1842,0.1842,0.0000,False,0.0536,0.3246,0.1029,0.0536,0.1337
kf_rvol_gain,7,UNIVERSAL,91252,16805,56142,0.0000,0.0000,0.0000,0.0302,0.0302,1.0000,0.0000,-0.0027,0.6670,0.0083,0.6667,0.6668,0.0052,0.6667,1.0019,1.0000,1.0019,0.1838,0.1842,0.1842,0.0000,False,0.0536,0.3217,0.0957,0.0536,0.1312
d_vol_up_down_ratio,3,UNIVERSAL,91252,42076,22946,0.0044,0.0045,0.0043,-0.0033,0.0033,0.9630,0.0065,0.0129,-0.0023,0.3513,0.0000,-0.0012,0.3184,0.0000,1.0416,1.0416,1.0130,0.4767,0.4636,0.4611,0.0000,False,0.1420,0.0986,0.1246,0.1420,0.1268
kf_rsi_gain,7,UNIVERSAL,91252,16805,56142,0.0000,0.0000,0.0000,-0.0259,0.0259,1.0000,0.0000,0.0026,0.5906,0.0085,0.5908,0.5908,0.0050,0.5908,1.0020,1.0020,1.0001,0.1841,0.1838,0.1842,0.0000,False,0.0536,0.2957,0.0986,0.0536,0.1254
kf_rsi_gain,5,UNIVERSAL,91252,25542,42298,0.0000,0.0000,0.0000,-0.0269,0.0269,1.0000,0.0000,0.0031,0.5907,0.0074,0.5908,0.5908,0.0036,0.5908,1.0017,1.0017,1.0001,0.2799,0.2794,0.2799,-0.0263,False,0.0536,0.3043,0.0870,0.0536,0.1246
kf_tension_gain,3,UNIVERSAL,91252,42076,22946,0.0000,0.0000,0.0000,0.0196,0.0196,1.0000,0.0001,-0.0018,0.6395,0.0071,0.6393,0.6393,0.0039,0.6393,1.0005,1.0000,1.0005,0.4609,0.4611,0.4611,0.0000,False,0.0536,0.2609,0.0739,0.0536,0.1105
kf_price_gain,5,UNIVERSAL,91252,25542,42298,0.0000,0.0000,0.0000,0.0172,0.0172,1.0000,0.0000,-0.0019,0.6009,0.0057,0.6008,0.6008,0.0035,0.6008,1.0012,1.0006,1.0012,0.2796,0.2797,0.2799,0.0160,False,0.0536,0.2348,0.0812,0.0536,0.1058
kf_conjugation_gain,3,UNIVERSAL,91252,42076,22946,0.0000,0.0000,0.0000,0.0172,0.0172,1.0000,0.0001,-0.0018,0.6395,0.0078,0.6393,0.6394,0.0052,0.6393,1.0005,1.0000,1.0005,0.4609,0.4611,0.4611,0.0000,False,0.0536,0.2377,0.0739,0.0536,0.1047
kf_rvol_gain,3,UNIVERSAL,91252,42076,22946,0.0000,0.0000,0.0000,0.0168,0.0168,1.0000,0.0002,-0.0016,0.6668,0.0064,0.6667,0.6667,0.0041,0.6667,1.0005,1.0000,1.0005,0.4609,0.4611,0.4611,0.0000,False,0.0536,0.2319,0.0667,0.0536,0.1014
kf_rsi_gain,3,UNIVERSAL,91252,42076,22946,0.0000,0.0000,0.0000,-0.0131,0.0131,1.0000,0.0012,0.0015,0.5907,0.0060,0.5908,0.5908,0.0040,0.5908,1.0005,1.0005,1.0000,0.4611,0.4609,0.4611,0.0000,False,0.0536,0.1855,0.0696,0.0536,0.0906
kf_price_gain,3,UNIVERSAL,91252,42076,22946,0.0000,0.0000,0.0000,0.0034,0.0034,1.0000,0.0227,-0.0011,0.6009,0.0050,0.6008,0.6009,0.0043,0.6008,1.0002,1.0002,1.0002,0.4610,0.4610,0.4611,0.0000,False,0.0536,0.1014,0.0638,0.0536,0.0681
kf_price_gain,7,UNIVERSAL,91252,16805,56142,0.0000,0.0000,0.0000,0.0025,0.0025,1.0000,0.3424,-0.0005,0.6009,0.0058,0.6008,0.6009,0.0046,0.6008,1.0011,1.0011,1.0011,0.1840,0.1840,0.1842,0.0000,False,0.0536,0.0812,0.0783,0.0536,0.0667
current_window,5,UNIVERSAL,91252,25542,42298,0.0000,0.0000,0.0000,0.0000,0.0000,1.0000,1.0000,0.0000,60.0000,0.0000,60.0000,60.0000,0.0000,60.0000,1.0000,1.0000,1.0000,0.2799,0.2799,0.2799,0.0000,False,0.0536,0.0319,0.0319,0.0536,0.0428
geo_quat_w,3,UNIVERSAL,91252,42076,22946,0.0000,0.0000,0.0000,0.0000,0.0000,1.0000,1.0000,0.0000,1.0000,0.0000,1.0000,1.0000,0.0000,1.0000,1.0000,1.0000,1.0000,0.4611,0.4611,0.4611,0.0000,False,0.0536,0.0319,0.0319,0.0536,0.0428
current_window,7,UNIVERSAL,91252,16805,56142,0.0000,0.0000,0.0000,0.0000,0.0000,1.0000,1.0000,0.0000,60.0000,0.0000,60.0000,60.0000,0.0000,60.0000,1.0000,1.0000,1.0000,0.1842,0.1842,0.1842,0.0000,False,0.0536,0.0319,0.0319,0.0536,0.0428
current_window,3,UNIVERSAL,91252,42076,22946,0.0000,0.0000,0.0000,0.0000,0.0000,1.0000,1.0000,0.0000,60.0000,0.0000,60.0000,60.0000,0.0000,60.0000,1.0000,1.0000,1.0000,0.4611,0.4611,0.4611,0.0000,False,0.0536,0.0319,0.0319,0.0536,0.0428
geo_quat_z,7,UNIVERSAL,91252,16805,56142,0.0000,0.0000,0.0000,0.0000,0.0000,1.0000,1.0000,0.0000,0.0000,0.0000,0.0000,0.0000,0.0000,0.0000,1.0000,1.0000,1.0000,0.1842,0.1842,0.1842,0.0000,False,0.0536,0.0319,0.0319,0.0536,0.0428
geo_quat_x,3,UNIVERSAL,91252,42076,22946,0.0000,0.0000,0.0000,0.0000,0.0000,1.0000,1.0000,0.0000,0.0000,0.0000,0.0000,0.0000,0.0000,0.0000,1.0000,1.0000,1.0000,0.4611,0.4611,0.4611,0.0000,False,0.0536,0.0319,0.0319,0.0536,0.0428
geo_quat_w,5,UNIVERSAL,91252,25542,42298,0.0000,0.0000,0.0000,0.0000,0.0000,1.0000,1.0000,0.0000,1.0000,0.0000,1.0000,1.0000,0.0000,1.0000,1.0000,1.0000,1.0000,0.2799,0.2799,0.2799,0.0000,False,0.0536,0.0319,0.0319,0.0536,0.0428
geo_quat_x,5,UNIVERSAL,91252,25542,42298,0.0000,0.0000,0.0000,0.0000,0.0000,1.0000,1.0000,0.0000,0.0000,0.0000,0.0000,0.0000,0.0000,0.0000,1.0000,1.0000,1.0000,0.2799,0.2799,0.2799,0.0000,False,0.0536,0.0319,0.0319,0.0536,0.0428
geo_quat_x,7,UNIVERSAL,91252,16805,56142,0.0000,0.0000,0.0000,0.0000,0.0000,1.0000,1.0000,0.0000,0.0000,0.0000,0.0000,0.0000,0.0000,0.0000,1.0000,1.0000,1.0000,0.1842,0.1842,0.1842,0.0000,False,0.0536,0.0319,0.0319,0.0536,0.0428
schema_version,3,UNIVERSAL,91252,42076,22946,0.0000,0.0000,0.0000,0.0000,0.0000,1.0000,1.0000,0.0000,1.0000,0.0000,1.0000,1.0000,0.0000,1.0000,1.0000,1.0000,1.0000,0.4611,0.4611,0.4611,0.0000,False,0.0536,0.0319,0.0319,0.0536,0.0428
schema_version,5,UNIVERSAL,91252,25542,42298,0.0000,0.0000,0.0000,0.0000,0.0000,1.0000,1.0000,0.0000,1.0000,0.0000,1.0000,1.0000,0.0000,1.0000,1.0000,1.0000,1.0000,0.2799,0.2799,0.2799,0.0000,False,0.0536,0.0319,0.0319,0.0536,0.0428
schema_version,7,UNIVERSAL,91252,16805,56142,0.0000,0.0000,0.0000,0.0000,0.0000,1.0000,1.0000,0.0000,1.0000,0.0000,1.0000,1.0000,0.0000,1.0000,1.0000,1.0000,1.0000,0.1842,0.1842,0.1842,0.0000,False,0.0536,0.0319,0.0319,0.0536,0.0428
geo_quat_y,3,UNIVERSAL,91252,42076,22946,0.0000,0.0000,0.0000,0.0000,0.0000,1.0000,1.0000,0.0000,0.0000,0.0000,0.0000,0.0000,0.0000,0.0000,1.0000,1.0000,1.0000,0.4611,0.4611,0.4611,0.0000,False,0.0536,0.0319,0.0319,0.0536,0.0428
geo_quat_y,5,UNIVERSAL,91252,25542,42298,0.0000,0.0000,0.0000,0.0000,0.0000,1.0000,1.0000,0.0000,0.0000,0.0000,0.0000,0.0000,0.0000,0.0000,1.0000,1.0000,1.0000,0.2799,0.2799,0.2799,0.0000,False,0.0536,0.0319,0.0319,0.0536,0.0428
tide_window,5,UNIVERSAL,91252,25542,42298,0.0000,0.0000,0.0000,0.0000,0.0000,1.0000,1.0000,0.0000,240.0000,0.0000,240.0000,240.0000,0.0000,240.0000,1.0000,1.0000,1.0000,0.2799,0.2799,0.2799,0.0000,False,0.0536,0.0319,0.0319,0.0536,0.0428
geo_quat_z,5,UNIVERSAL,91252,25542,42298,0.0000,0.0000,0.0000,0.0000,0.0000,1.0000,1.0000,0.0000,0.0000,0.0000,0.0000,0.0000,0.0000,0.0000,1.0000,1.0000,1.0000,0.2799,0.2799,0.2799,0.0000,False,0.0536,0.0319,0.0319,0.0536,0.0428
geo_quat_z,3,UNIVERSAL,91252,42076,22946,0.0000,0.0000,0.0000,0.0000,0.0000,1.0000,1.0000,0.0000,0.0000,0.0000,0.0000,0.0000,0.0000,0.0000,1.0000,1.0000,1.0000,0.4611,0.4611,0.4611,0.0000,False,0.0536,0.0319,0.0319,0.0536,0.0428
geo_quat_w,7,UNIVERSAL,91252,16805,56142,0.0000,0.0000,0.0000,0.0000,0.0000,1.0000,1.0000,0.0000,1.0000,0.0000,1.0000,1.0000,0.0000,1.0000,1.0000,1.0000,1.0000,0.1842,0.1842,0.1842,0.0000,False,0.0536,0.0319,0.0319,0.0536,0.0428
geo_quat_y,7,UNIVERSAL,91252,16805,56142,0.0000,0.0000,0.0000,0.0000,0.0000,1.0000,1.0000,0.0000,0.0000,0.0000,0.0000,0.0000,0.0000,0.0000,1.0000,1.0000,1.0000,0.1842,0.1842,0.1842,0.0000,False,0.0536,0.0319,0.0319,0.0536,0.0428
tide_window,3,UNIVERSAL,91252,42076,22946,0.0000,0.0000,0.0000,0.0000,0.0000,1.0000,1.0000,0.0000,240.0000,0.0000,240.0000,240.0000,0.0000,240.0000,1.0000,1.0000,1.0000,0.4611,0.4611,0.4611,0.0000,False,0.0536,0.0319,0.0319,0.0536,0.0428
tide_window,7,UNIVERSAL,91252,16805,56142,0.0000,0.0000,0.0000,0.0000,0.0000,1.0000,1.0000,0.0000,240.0000,0.0000,240.0000,240.0000,0.0000,240.0000,1.0000,1.0000,1.0000,0.1842,0.1842,0.1842,0.0000,False,0.0536,0.0319,0.0319,0.0536,0.0428
